CityFacilityID(FK),WorkerID(FK),total,Jumlah Penduduk,Rasio,status,color
1,1,0,557164,0.0000000000,0,0
2,1,0,877121,0.0000000000,0,0
3,1,0,699526,0.0000000000,0,0
4,1,0,1047645,0.0000000000,0,0
5,1,0,1167796,0.0000000000,0,0
6,1,0,1587132,0.0000000000,0,0
7,1,0,2637160,0.0000000000,0,0
8,1,0,1047482,0.0000000000,0,0
9,1,0,2471542,0.0000000000,0,0
10,1,0,1622536,0.0000000000,0,0
11,1,0,782676,0.0000000000,0,0
12,1,0,689361,0.0000000000,0,0
13,1,0,1182298,0.0000000000,0,0
14,1,0,1650256,0.0000000000,0,0
15,1,0,2321549,0.0000000000,0,0
16,1,0,1136879,0.0000000000,0,0
17,1,0,1274197,0.0000000000,0,0
18,1,0,1060086,0.0000000000,0,0
19,1,0,685490,0.0000000000,0,0
20,1,0,636148,0.0000000000,0,0
21,1,0,840327,0.0000000000,0,0
22,1,0,1255119,0.0000000000,0,0
23,1,0,1182070,0.0000000000,0,0
24,1,0,1204437,0.0000000000,0,0
25,1,0,1342628,0.0000000000,0,0
26,1,0,1003188,0.0000000000,0,0
27,1,0,1001140,0.0000000000,0,0
28,1,0,898130,0.0000000000,0,0
29,1,0,1096701,0.0000000000,0,0
30,1,0,291256,0.0000000000,0,0
31,1,0,143840,0.0000000000,0,0
32,1,0,880169,0.0000000000,0,0
33,1,0,241423,0.0000000000,0,0
34,1,0,203244,0.0000000000,0,0
35,1,0,131216,0.0000000000,0,0
36,1,0,177972,0.0000000000,0,0
37,1,0,2918543,0.0000000000,0,0
38,1,0,211225,0.0000000000,0,0
39,1,49,557164,0.0000879454,Rendah,#B3FFE0
40,1,138,877121,0.0001573329,Rendah,#B3FFE0
41,1,56,699526,0.0000800542,Rendah,#B3FFE0
42,1,190,1047645,0.0001813591,Rendah,#B3FFE0
43,1,127,1167796,0.0001087519,Rendah,#B3FFE0
44,1,223,1587132,0.0001405050,Rendah,#B3FFE0
45,1,512,2637160,0.0001941483,Rendah,#B3FFE0
46,1,144,1047482,0.0001374725,Rendah,#B3FFE0
47,1,362,2471542,0.0001464673,Rendah,#B3FFE0
48,1,242,1622536,0.0001491492,Rendah,#B3FFE0
49,1,74,782676,0.0000945474,Rendah,#B3FFE0
50,1,72,689361,0.0001044446,Rendah,#B3FFE0
51,1,113,1182298,0.0000955766,Rendah,#B3FFE0
52,1,172,1650256,0.0001042263,Rendah,#B3FFE0
53,1,729,2321549,0.0003140145,Rendah,#B3FFE0
54,1,204,1136879,0.0001794386,Rendah,#B3FFE0
55,1,252,1274197,0.0001977716,Rendah,#B3FFE0
56,1,101,1060086,0.0000952753,Rendah,#B3FFE0
57,1,55,685490,0.0000802346,Rendah,#B3FFE0
58,1,69,636148,0.0001084653,Rendah,#B3FFE0
59,1,99,840327,0.0001178113,Rendah,#B3FFE0
60,1,181,1255119,0.0001442094,Rendah,#B3FFE0
61,1,129,1182070,0.0001091306,Rendah,#B3FFE0
62,1,279,1204437,0.0002316435,Rendah,#B3FFE0
63,1,426,1342628,0.0003172882,Rendah,#B3FFE0
64,1,53,1003188,0.0000528316,Rendah,#B3FFE0
65,1,36,1001140,0.0000359590,Rendah,#B3FFE0
66,1,110,898130,0.0001224767,Rendah,#B3FFE0
67,1,54,1096701,0.0000492386,Rendah,#B3FFE0
68,1,212,291256,0.0007278820,Sedang,#1AFFA3
69,1,129,143840,0.0008968298,Tinggi,#00663D
70,1,1076,880169,0.0012224925,Tinggi,#00663D
71,1,68,241423,0.0002816633,Rendah,#B3FFE0
72,1,46,203244,0.0002263289,Rendah,#B3FFE0
73,1,152,131216,0.0011583953,Tinggi,#00663D
74,1,199,177972,0.0011181534,Tinggi,#00663D
75,1,3195,2918543,0.0010947243,Tinggi,#00663D
76,1,114,211225,0.0005397088,Sedang,#1AFFA3
77,1,11,557164,0.0000197428,Rendah,#FFCCE6
78,1,6,877121,0.0000068406,Rendah,#FFCCE6
79,1,8,699526,0.0000114363,Rendah,#FFCCE6
80,1,26,1047645,0.0000248176,Rendah,#FFCCE6
81,1,16,1167796,0.0000137010,Rendah,#FFCCE6
82,1,5,1587132,0.0000031503,Rendah,#FFCCE6
83,1,28,2637160,0.0000106175,Rendah,#FFCCE6
84,1,20,1047482,0.0000190934,Rendah,#FFCCE6
85,1,6,2471542,0.0000024276,Rendah,#FFCCE6
86,1,39,1622536,0.0000240364,Rendah,#FFCCE6
87,1,5,782676,0.0000063883,Rendah,#FFCCE6
88,1,2,689361,0.0000029012,Rendah,#FFCCE6
89,1,5,1182298,0.0000042291,Rendah,#FFCCE6
90,1,5,1650256,0.0000030298,Rendah,#FFCCE6
91,1,110,2321549,0.0000473822,Rendah,#FFCCE6
92,1,4,1136879,0.0000035184,Rendah,#FFCCE6
93,1,6,1274197,0.0000047088,Rendah,#FFCCE6
94,1,26,1060086,0.0000245263,Rendah,#FFCCE6
95,1,6,685490,0.0000087529,Rendah,#FFCCE6
96,1,2,636148,0.0000031439,Rendah,#FFCCE6
97,1,50,840327,0.0000595006,Sedang,#FF0080
98,1,53,1255119,0.0000422271,Rendah,#FFCCE6
99,1,37,1182070,0.0000313010,Rendah,#FFCCE6
100,1,9,1204437,0.0000074724,Rendah,#FFCCE6
101,1,13,1342628,0.0000096825,Rendah,#FFCCE6
102,1,3,1003188,0.0000029905,Rendah,#FFCCE6
103,1,8,1001140,0.0000079909,Rendah,#FFCCE6
104,1,24,898130,0.0000267222,Rendah,#FFCCE6
105,1,1,1096701,0.0000009118,Rendah,#FFCCE6
106,1,20,291256,0.0000686681,Sedang,#FF0080
107,1,25,143840,0.0001738042,Tinggi,#660033
108,1,81,880169,0.0000920278,Sedang,#FF0080
109,1,39,241423,0.0001615422,Tinggi,#660033
110,1,20,203244,0.0000984039,Sedang,#FF0080
111,1,9,131216,0.0000685892,Sedang,#FF0080
112,1,29,177972,0.0001629470,Tinggi,#660033
113,1,166,2918543,0.0000568777,Sedang,#FF0080
114,1,5,211225,0.0000236714,Rendah,#FFCCE6
1,2,44,557164,0.0000789714,Rendah,#CCCCFF
2,2,64,877121,0.0000729660,Rendah,#CCCCFF
3,2,53,699526,0.0000757656,Rendah,#CCCCFF
4,2,65,1047645,0.0000620439,Rendah,#CCCCFF
5,2,44,1167796,0.0000376778,Rendah,#CCCCFF
6,2,91,1587132,0.0000573361,Rendah,#CCCCFF
7,2,114,2637160,0.0000432283,Rendah,#CCCCFF
8,2,77,1047482,0.0000735096,Rendah,#CCCCFF
9,2,120,2471542,0.0000485527,Rendah,#CCCCFF
10,2,99,1622536,0.0000610156,Rendah,#CCCCFF
11,2,57,782676,0.0000728271,Rendah,#CCCCFF
12,2,49,689361,0.0000710803,Rendah,#CCCCFF
13,2,38,1182298,0.0000321408,Rendah,#CCCCFF
14,2,78,1650256,0.0000472654,Rendah,#CCCCFF
15,2,147,2321549,0.0000633198,Rendah,#CCCCFF
16,2,50,1136879,0.0000439801,Rendah,#CCCCFF
17,2,93,1274197,0.0000729871,Rendah,#CCCCFF
18,2,40,1060086,0.0000377328,Rendah,#CCCCFF
19,2,51,685490,0.0000743993,Rendah,#CCCCFF
20,2,45,636148,0.0000707383,Rendah,#CCCCFF
21,2,74,840327,0.0000880610,Rendah,#CCCCFF
22,2,61,1255119,0.0000486010,Rendah,#CCCCFF
23,2,49,1182070,0.0000414527,Rendah,#CCCCFF
24,2,105,1204437,0.0000871777,Rendah,#CCCCFF
25,2,103,1342628,0.0000767152,Rendah,#CCCCFF
26,2,48,1003188,0.0000478475,Rendah,#CCCCFF
27,2,66,1001140,0.0000659248,Rendah,#CCCCFF
28,2,46,898130,0.0000512175,Rendah,#CCCCFF
29,2,75,1096701,0.0000683869,Rendah,#CCCCFF
30,2,61,291256,0.0002094377,Tinggi,#000080
31,2,10,143840,0.0000695217,Rendah,#CCCCFF
32,2,52,880169,0.0000590796,Rendah,#CCCCFF
33,2,32,241423,0.0001325474,Sedang,#3333FF
34,2,25,203244,0.0001230049,Sedang,#3333FF
35,2,21,131216,0.0001600415,Tinggi,#000080
36,2,27,177972,0.0001517093,Tinggi,#000080
37,2,337,2918543,0.0001154686,Sedang,#3333FF
38,2,14,211225,0.0000662800,Rendah,#CCCCFF
39,2,26,557164,0.0000466649,Rendah,#B3FFE0
40,2,152,877121,0.0001732942,Rendah,#B3FFE0
41,2,36,699526,0.0000514634,Rendah,#B3FFE0
42,2,146,1047645,0.0001393602,Rendah,#B3FFE0
43,2,94,1167796,0.0000804935,Rendah,#B3FFE0
44,2,162,1587132,0.0001020709,Rendah,#B3FFE0
45,2,301,2637160,0.0001141379,Rendah,#B3FFE0
46,2,99,1047482,0.0000945124,Rendah,#B3FFE0
47,2,319,2471542,0.0001290692,Rendah,#B3FFE0
48,2,134,1622536,0.0000825868,Rendah,#B3FFE0
49,2,33,782676,0.0000421630,Rendah,#B3FFE0
50,2,66,689361,0.0000957408,Rendah,#B3FFE0
51,2,58,1182298,0.0000490570,Rendah,#B3FFE0
52,2,101,1650256,0.0000612026,Rendah,#B3FFE0
53,2,293,2321549,0.0001262088,Rendah,#B3FFE0
54,2,133,1136879,0.0001169869,Rendah,#B3FFE0
55,2,150,1274197,0.0001177212,Rendah,#B3FFE0
56,2,57,1060086,0.0000537692,Rendah,#B3FFE0
57,2,53,685490,0.0000773170,Rendah,#B3FFE0
58,2,138,636148,0.0002169307,Rendah,#B3FFE0
59,2,40,840327,0.0000476005,Rendah,#B3FFE0
60,2,121,1255119,0.0000964052,Rendah,#B3FFE0
61,2,78,1182070,0.0000659859,Rendah,#B3FFE0
62,2,270,1204437,0.0002241711,Rendah,#B3FFE0
63,2,368,1342628,0.0002740893,Rendah,#B3FFE0
64,2,57,1003188,0.0000568189,Rendah,#B3FFE0
65,2,22,1001140,0.0000219749,Rendah,#B3FFE0
66,2,66,898130,0.0000734860,Rendah,#B3FFE0
67,2,55,1096701,0.0000501504,Rendah,#B3FFE0
68,2,188,291256,0.0006454803,Sedang,#1AFFA3
69,2,78,143840,0.0005422692,Rendah,#B3FFE0
70,2,965,880169,0.0010963804,Sedang,#1AFFA3
71,2,38,241423,0.0001574001,Rendah,#B3FFE0
72,2,36,203244,0.0001771270,Rendah,#B3FFE0
73,2,247,131216,0.0018823924,Tinggi,#00663D
74,2,101,177972,0.0005675050,Rendah,#B3FFE0
75,2,3027,2918543,0.0010371614,Sedang,#1AFFA3
76,2,114,211225,0.0005397088,Rendah,#B3FFE0
77,2,63,557164,0.0001130726,Rendah,#FFCCE6
78,2,80,877121,0.0000912075,Rendah,#FFCCE6
79,2,42,699526,0.0000600407,Rendah,#FFCCE6
80,2,168,1047645,0.0001603597,Rendah,#FFCCE6
81,2,153,1167796,0.0001310160,Rendah,#FFCCE6
82,2,168,1587132,0.0001058513,Rendah,#FFCCE6
83,2,225,2637160,0.0000853191,Rendah,#FFCCE6
84,2,166,1047482,0.0001584753,Rendah,#FFCCE6
85,2,210,2471542,0.0000849672,Rendah,#FFCCE6
86,2,363,1622536,0.0002237238,Rendah,#FFCCE6
87,2,38,782676,0.0000485514,Rendah,#FFCCE6
88,2,40,689361,0.0000580248,Rendah,#FFCCE6
89,2,93,1182298,0.0000786604,Rendah,#FFCCE6
90,2,162,1650256,0.0000981666,Rendah,#FFCCE6
91,2,537,2321549,0.0002313111,Rendah,#FFCCE6
92,2,100,1136879,0.0000879601,Rendah,#FFCCE6
93,2,119,1274197,0.0000933922,Rendah,#FFCCE6
94,2,148,1060086,0.0001396113,Rendah,#FFCCE6
95,2,32,685490,0.0000466819,Rendah,#FFCCE6
96,2,35,636148,0.0000550186,Rendah,#FFCCE6
97,2,141,840327,0.0001677918,Rendah,#FFCCE6
98,2,172,1255119,0.0001370388,Rendah,#FFCCE6
99,2,184,1182070,0.0001556591,Rendah,#FFCCE6
100,2,90,1204437,0.0000747237,Rendah,#FFCCE6
101,2,235,1342628,0.0001750299,Rendah,#FFCCE6
102,2,17,1003188,0.0000169460,Rendah,#FFCCE6
103,2,20,1001140,0.0000199772,Rendah,#FFCCE6
104,2,114,898130,0.0001269304,Rendah,#FFCCE6
105,2,7,1096701,0.0000063828,Rendah,#FFCCE6
106,2,117,291256,0.0004017085,Sedang,#FF0080
107,2,83,143840,0.0005770300,Sedang,#FF0080
108,2,1036,880169,0.0011770467,Tinggi,#660033
109,2,135,241423,0.0005591845,Sedang,#FF0080
110,2,93,203244,0.0004575781,Sedang,#FF0080
111,2,55,131216,0.0004191562,Sedang,#FF0080
112,2,93,177972,0.0005225541,Sedang,#FF0080
113,2,890,2918543,0.0003049467,Rendah,#FFCCE6
114,2,48,211225,0.0002272458,Rendah,#FFCCE6
1,3,16,557164,0.0000287169,Rendah,#CCCCFF
2,3,29,877121,0.0000330627,Rendah,#CCCCFF
3,3,22,699526,0.0000314499,Rendah,#CCCCFF
4,3,26,1047645,0.0000248176,Rendah,#CCCCFF
5,3,25,1167796,0.0000214078,Rendah,#CCCCFF
6,3,47,1587132,0.0000296132,Rendah,#CCCCFF
7,3,61,2637160,0.0000231309,Rendah,#CCCCFF
8,3,33,1047482,0.0000315041,Rendah,#CCCCFF
9,3,54,2471542,0.0000218487,Rendah,#CCCCFF
10,3,54,1622536,0.0000332812,Rendah,#CCCCFF
11,3,35,782676,0.0000447184,Sedang,#3333FF
12,3,27,689361,0.0000391667,Sedang,#3333FF
13,3,28,1182298,0.0000236827,Rendah,#CCCCFF
14,3,39,1650256,0.0000236327,Rendah,#CCCCFF
15,3,61,2321549,0.0000262756,Rendah,#CCCCFF
16,3,21,1136879,0.0000184716,Rendah,#CCCCFF
17,3,34,1274197,0.0000266835,Rendah,#CCCCFF
18,3,18,1060086,0.0000169798,Rendah,#CCCCFF
19,3,28,685490,0.0000408467,Sedang,#3333FF
20,3,22,636148,0.0000345831,Rendah,#CCCCFF
21,3,25,840327,0.0000297503,Rendah,#CCCCFF
22,3,27,1255119,0.0000215119,Rendah,#CCCCFF
23,3,36,1182070,0.0000304550,Rendah,#CCCCFF
24,3,40,1204437,0.0000332105,Rendah,#CCCCFF
25,3,41,1342628,0.0000305371,Rendah,#CCCCFF
26,3,18,1003188,0.0000179428,Rendah,#CCCCFF
27,3,28,1001140,0.0000279681,Rendah,#CCCCFF
28,3,16,898130,0.0000178148,Rendah,#CCCCFF
29,3,31,1096701,0.0000282666,Rendah,#CCCCFF
30,3,12,291256,0.0000412009,Sedang,#3333FF
31,3,8,143840,0.0000556174,Tinggi,#000080
32,3,27,880169,0.0000306759,Rendah,#CCCCFF
33,3,12,241423,0.0000497053,Sedang,#3333FF
34,3,14,203244,0.0000688827,Tinggi,#000080
35,3,9,131216,0.0000685892,Tinggi,#000080
36,3,8,177972,0.0000449509,Sedang,#3333FF
37,3,124,2918543,0.0000424870,Sedang,#3333FF
38,3,6,211225,0.0000284057,Rendah,#CCCCFF
39,3,1,557164,0.0000017948,Rendah,#B3FFE0
40,3,16,877121,0.0000182415,Rendah,#B3FFE0
41,3,2,699526,0.0000028591,Rendah,#B3FFE0
42,3,11,1047645,0.0000104997,Rendah,#B3FFE0
43,3,11,1167796,0.0000094195,Rendah,#B3FFE0
44,3,15,1587132,0.0000094510,Rendah,#B3FFE0
45,3,36,2637160,0.0000136510,Rendah,#B3FFE0
46,3,5,1047482,0.0000047734,Rendah,#B3FFE0
47,3,306,2471542,0.0001238093,Rendah,#B3FFE0
48,3,20,1622536,0.0000123264,Rendah,#B3FFE0
49,3,4,782676,0.0000051107,Rendah,#B3FFE0
50,3,10,689361,0.0000145062,Rendah,#B3FFE0
51,3,10,1182298,0.0000084581,Rendah,#B3FFE0
52,3,16,1650256,0.0000096955,Rendah,#B3FFE0
53,3,38,2321549,0.0000163684,Rendah,#B3FFE0
54,3,11,1136879,0.0000096756,Rendah,#B3FFE0
55,3,18,1274197,0.0000141265,Rendah,#B3FFE0
56,3,7,1060086,0.0000066032,Rendah,#B3FFE0
57,3,8,685490,0.0000116705,Rendah,#B3FFE0
58,3,5,636148,0.0000078598,Rendah,#B3FFE0
59,3,6,840327,0.0000071401,Rendah,#B3FFE0
60,3,13,1255119,0.0000103576,Rendah,#B3FFE0
61,3,12,1182070,0.0000101517,Rendah,#B3FFE0
62,3,21,1204437,0.0000174355,Rendah,#B3FFE0
63,3,34,1342628,0.0000253235,Rendah,#B3FFE0
64,3,2,1003188,0.0000019936,Rendah,#B3FFE0
65,3,4,1001140,0.0000039954,Rendah,#B3FFE0
66,3,24,898130,0.0000267222,Rendah,#B3FFE0
67,3,3,1096701,0.0000027355,Rendah,#B3FFE0
68,3,251,291256,0.0008617848,Tinggi,#00663D
69,3,10,143840,0.0000695217,Rendah,#B3FFE0
70,3,39,880169,0.0000443097,Rendah,#B3FFE0
71,3,5,241423,0.0000207105,Rendah,#B3FFE0
72,3,5,203244,0.0000246010,Rendah,#B3FFE0
73,3,13,131216,0.0000990733,Rendah,#B3FFE0
74,3,11,177972,0.0000618075,Rendah,#B3FFE0
75,3,636,2918543,0.0002179170,Rendah,#B3FFE0
76,3,12,211225,0.0000568115,Rendah,#B3FFE0
77,3,10,557164,0.0000179480,Rendah,#FFCCE6
78,3,26,877121,0.0000296424,Rendah,#FFCCE6
79,3,8,699526,0.0000114363,Rendah,#FFCCE6
80,3,34,1047645,0.0000324537,Rendah,#FFCCE6
81,3,27,1167796,0.0000231205,Rendah,#FFCCE6
82,3,47,1587132,0.0000296132,Rendah,#FFCCE6
83,3,59,2637160,0.0000223726,Rendah,#FFCCE6
84,3,49,1047482,0.0000467788,Rendah,#FFCCE6
85,3,62,2471542,0.0000250856,Rendah,#FFCCE6
86,3,104,1622536,0.0000640972,Rendah,#FFCCE6
87,3,25,782676,0.0000319417,Rendah,#FFCCE6
88,3,6,689361,0.0000087037,Rendah,#FFCCE6
89,3,12,1182298,0.0000101497,Rendah,#FFCCE6
90,3,50,1650256,0.0000302983,Rendah,#FFCCE6
91,3,247,2321549,0.0001063945,Rendah,#FFCCE6
92,3,32,1136879,0.0000281472,Rendah,#FFCCE6
93,3,43,1274197,0.0000337467,Rendah,#FFCCE6
94,3,32,1060086,0.0000301862,Rendah,#FFCCE6
95,3,3,685490,0.0000043764,Rendah,#FFCCE6
96,3,10,636148,0.0000157196,Rendah,#FFCCE6
97,3,43,840327,0.0000511706,Rendah,#FFCCE6
98,3,60,1255119,0.0000478042,Rendah,#FFCCE6
99,3,37,1182070,0.0000313010,Rendah,#FFCCE6
100,3,10,1204437,0.0000083026,Rendah,#FFCCE6
101,3,68,1342628,0.0000506469,Rendah,#FFCCE6
102,3,7,1003188,0.0000069778,Rendah,#FFCCE6
103,3,4,1001140,0.0000039954,Rendah,#FFCCE6
104,3,18,898130,0.0000200416,Rendah,#FFCCE6
105,3,14,1096701,0.0000127656,Rendah,#FFCCE6
106,3,66,291256,0.0002266048,Sedang,#FF0080
107,3,34,143840,0.0002363737,Sedang,#FF0080
108,3,528,880169,0.0005998848,Tinggi,#660033
109,3,49,241423,0.0002029633,Sedang,#FF0080
110,3,31,203244,0.0001525260,Rendah,#FFCCE6
111,3,21,131216,0.0001600415,Rendah,#FFCCE6
112,3,42,177972,0.0002359922,Sedang,#FF0080
113,3,311,2918543,0.0001065600,Rendah,#FFCCE6
114,3,14,211225,0.0000662800,Rendah,#FFCCE6
1,4,0,557164,0.0000000000,Rendah,#CCCCFF
2,4,0,877121,0.0000000000,Rendah,#CCCCFF
3,4,0,699526,0.0000000000,Rendah,#CCCCFF
4,4,0,1047645,0.0000000000,Rendah,#CCCCFF
5,4,0,1167796,0.0000000000,Rendah,#CCCCFF
6,4,0,1587132,0.0000000000,Rendah,#CCCCFF
7,4,0,2637160,0.0000000000,Rendah,#CCCCFF
8,4,0,1047482,0.0000000000,Rendah,#CCCCFF
9,4,0,2471542,0.0000000000,Rendah,#CCCCFF
10,4,0,1622536,0.0000000000,Rendah,#CCCCFF
11,4,0,782676,0.0000000000,Rendah,#CCCCFF
12,4,0,689361,0.0000000000,Rendah,#CCCCFF
13,4,0,1182298,0.0000000000,Rendah,#CCCCFF
14,4,0,1650256,0.0000000000,Rendah,#CCCCFF
15,4,1,2321549,0.0000004307,Sedang,#3333FF
16,4,0,1136879,0.0000000000,Rendah,#CCCCFF
17,4,0,1274197,0.0000000000,Rendah,#CCCCFF
18,4,0,1060086,0.0000000000,Rendah,#CCCCFF
19,4,0,685490,0.0000000000,Rendah,#CCCCFF
20,4,0,636148,0.0000000000,Rendah,#CCCCFF
21,4,0,840327,0.0000000000,Rendah,#CCCCFF
22,4,0,1255119,0.0000000000,Rendah,#CCCCFF
23,4,0,1182070,0.0000000000,Rendah,#CCCCFF
24,4,0,1204437,0.0000000000,Rendah,#CCCCFF
25,4,0,1342628,0.0000000000,Rendah,#CCCCFF
26,4,0,1003188,0.0000000000,Rendah,#CCCCFF
27,4,0,1001140,0.0000000000,Rendah,#CCCCFF
28,4,0,898130,0.0000000000,Rendah,#CCCCFF
29,4,0,1096701,0.0000000000,Rendah,#CCCCFF
30,4,0,291256,0.0000000000,Rendah,#CCCCFF
31,4,0,143840,0.0000000000,Rendah,#CCCCFF
32,4,0,880169,0.0000000000,Rendah,#CCCCFF
33,4,0,241423,0.0000000000,Rendah,#CCCCFF
34,4,0,203244,0.0000000000,Rendah,#CCCCFF
35,4,0,131216,0.0000000000,Rendah,#CCCCFF
36,4,0,177972,0.0000000000,Rendah,#CCCCFF
37,4,2,2918543,0.0000006853,Tinggi,#000080
38,4,0,211225,0.0000000000,Rendah,#CCCCFF
39,4,6,557164,0.0000107688,Rendah,#B3FFE0
40,4,2,877121,0.0000022802,Rendah,#B3FFE0
41,4,0,699526,0.0000000000,Rendah,#B3FFE0
42,4,8,1047645,0.0000076362,Rendah,#B3FFE0
43,4,3,1167796,0.0000025689,Rendah,#B3FFE0
44,4,8,1587132,0.0000050405,Rendah,#B3FFE0
45,4,20,2637160,0.0000075839,Rendah,#B3FFE0
46,4,7,1047482,0.0000066827,Rendah,#B3FFE0
47,4,32,2471542,0.0000129474,Rendah,#B3FFE0
48,4,10,1622536,0.0000061632,Rendah,#B3FFE0
49,4,4,782676,0.0000051107,Rendah,#B3FFE0
50,4,3,689361,0.0000043519,Rendah,#B3FFE0
51,4,1,1182298,0.0000008458,Rendah,#B3FFE0
52,4,6,1650256,0.0000036358,Rendah,#B3FFE0
53,4,52,2321549,0.0000223988,Rendah,#B3FFE0
54,4,10,1136879,0.0000087960,Rendah,#B3FFE0
55,4,9,1274197,0.0000070633,Rendah,#B3FFE0
56,4,1,1060086,0.0000009433,Rendah,#B3FFE0
57,4,1,685490,0.0000014588,Rendah,#B3FFE0
58,4,2,636148,0.0000031439,Rendah,#B3FFE0
59,4,1,840327,0.0000011900,Rendah,#B3FFE0
60,4,2,1255119,0.0000015935,Rendah,#B3FFE0
61,4,5,1182070,0.0000042299,Rendah,#B3FFE0
62,4,6,1204437,0.0000049816,Rendah,#B3FFE0
63,4,29,1342628,0.0000215994,Rendah,#B3FFE0
64,4,4,1003188,0.0000039873,Rendah,#B3FFE0
65,4,2,1001140,0.0000019977,Rendah,#B3FFE0
66,4,3,898130,0.0000033403,Rendah,#B3FFE0
67,4,4,1096701,0.0000036473,Rendah,#B3FFE0
68,4,38,291256,0.0001304694,Tinggi,#00663D
69,4,3,143840,0.0000208565,Rendah,#B3FFE0
70,4,78,880169,0.0000886193,Tinggi,#00663D
71,4,1,241423,0.0000041421,Rendah,#B3FFE0
72,4,2,203244,0.0000098404,Rendah,#B3FFE0
73,4,5,131216,0.0000381051,Rendah,#B3FFE0
74,4,4,177972,0.0000224754,Rendah,#B3FFE0
75,4,317,2918543,0.0001086158,Tinggi,#00663D
76,4,4,211225,0.0000189372,Rendah,#B3FFE0
77,4,4,557164,0.0000071792,Sedang,#FF0080
78,4,0,877121,0.0000000000,Rendah,#FFCCE6
79,4,0,699526,0.0000000000,Rendah,#FFCCE6
80,4,0,1047645,0.0000000000,Rendah,#FFCCE6
81,4,1,1167796,0.0000008563,Rendah,#FFCCE6
82,4,0,1587132,0.0000000000,Rendah,#FFCCE6
83,4,0,2637160,0.0000000000,Rendah,#FFCCE6
84,4,2,1047482,0.0000019093,Rendah,#FFCCE6
85,4,0,2471542,0.0000000000,Rendah,#FFCCE6
86,4,3,1622536,0.0000018490,Rendah,#FFCCE6
87,4,0,782676,0.0000000000,Rendah,#FFCCE6
88,4,0,689361,0.0000000000,Rendah,#FFCCE6
89,4,0,1182298,0.0000000000,Rendah,#FFCCE6
90,4,0,1650256,0.0000000000,Rendah,#FFCCE6
91,4,5,2321549,0.0000021537,Rendah,#FFCCE6
92,4,0,1136879,0.0000000000,Rendah,#FFCCE6
93,4,0,1274197,0.0000000000,Rendah,#FFCCE6
94,4,1,1060086,0.0000009433,Rendah,#FFCCE6
95,4,0,685490,0.0000000000,Rendah,#FFCCE6
96,4,0,636148,0.0000000000,Rendah,#FFCCE6
97,4,0,840327,0.0000000000,Rendah,#FFCCE6
98,4,1,1255119,0.0000007967,Rendah,#FFCCE6
99,4,2,1182070,0.0000016919,Rendah,#FFCCE6
100,4,0,1204437,0.0000000000,Rendah,#FFCCE6
101,4,1,1342628,0.0000007448,Rendah,#FFCCE6
102,4,0,1003188,0.0000000000,Rendah,#FFCCE6
103,4,0,1001140,0.0000000000,Rendah,#FFCCE6
104,4,1,898130,0.0000011134,Rendah,#FFCCE6
105,4,0,1096701,0.0000000000,Rendah,#FFCCE6
106,4,1,291256,0.0000034334,Rendah,#FFCCE6
107,4,3,143840,0.0000208565,Tinggi,#660033
108,4,17,880169,0.0000193145,Tinggi,#660033
109,4,1,241423,0.0000041421,Rendah,#FFCCE6
110,4,2,203244,0.0000098404,Sedang,#FF0080
111,4,0,131216,0.0000000000,Rendah,#FFCCE6
112,4,1,177972,0.0000056189,Rendah,#FFCCE6
113,4,37,2918543,0.0000126776,Sedang,#FF0080
114,4,0,211225,0.0000000000,Rendah,#FFCCE6
1,5,292,557164,0.0005240827,Sedang,#99FF33
2,5,424,877121,0.0004833997,Sedang,#99FF33
3,5,329,699526,0.0004703185,Sedang,#99FF33
4,5,422,1047645,0.0004028082,Rendah,#E6FFCC
5,5,377,1167796,0.0003228304,Rendah,#E6FFCC
6,5,518,1587132,0.0003263749,Rendah,#E6FFCC
7,5,709,2637160,0.0002688498,Rendah,#E6FFCC
8,5,381,1047482,0.0003637294,Rendah,#E6FFCC
9,5,937,2471542,0.0003791155,Rendah,#E6FFCC
10,5,790,1622536,0.0004868921,Sedang,#99FF33
11,5,535,782676,0.0006835523,Sedang,#99FF33
12,5,500,689361,0.0007253094,Tinggi,#408000
13,5,624,1182298,0.0005277857,Sedang,#99FF33
14,5,588,1650256,0.0003563084,Rendah,#E6FFCC
15,5,495,2321549,0.0002132197,Rendah,#E6FFCC
16,5,423,1136879,0.0003720713,Rendah,#E6FFCC
17,5,740,1274197,0.0005807579,Sedang,#99FF33
18,5,547,1060086,0.0005159959,Sedang,#99FF33
19,5,339,685490,0.0004945368,Sedang,#99FF33
20,5,420,636148,0.0006602237,Sedang,#99FF33
21,5,541,840327,0.0006437970,Sedang,#99FF33
22,5,725,1255119,0.0005776345,Sedang,#99FF33
23,5,616,1182070,0.0005211197,Sedang,#99FF33
24,5,763,1204437,0.0006334910,Sedang,#99FF33
25,5,612,1342628,0.0004558225,Sedang,#99FF33
26,5,923,1003188,0.0009200668,Tinggi,#408000
27,5,749,1001140,0.0007481471,Tinggi,#408000
28,5,568,898130,0.0006324252,Sedang,#99FF33
29,5,1060,1096701,0.0009665351,Tinggi,#408000
30,5,124,291256,0.0004257423,Rendah,#E6FFCC
31,5,50,143840,0.0003476085,Rendah,#E6FFCC
32,5,159,880169,0.0001806471,Rendah,#E6FFCC
33,5,68,241423,0.0002816633,Rendah,#E6FFCC
34,5,96,203244,0.0004723387,Sedang,#99FF33
35,5,62,131216,0.0004725034,Sedang,#99FF33
36,5,56,177972,0.0003146562,Rendah,#E6FFCC
37,5,514,2918543,0.0001761153,Rendah,#E6FFCC
38,5,47,211225,0.0002225115,Rendah,#E6FFCC
39,5,68,557164,0.0001220467,Rendah,#D9B3FF
40,5,160,877121,0.0001824150,Rendah,#D9B3FF
41,5,73,699526,0.0001043564,Rendah,#D9B3FF
42,5,204,1047645,0.0001947224,Rendah,#D9B3FF
43,5,135,1167796,0.0001156024,Rendah,#D9B3FF
44,5,258,1587132,0.0001625574,Rendah,#D9B3FF
45,5,344,2637160,0.0001304434,Rendah,#D9B3FF
46,5,126,1047482,0.0001202885,Rendah,#D9B3FF
47,5,285,2471542,0.0001153126,Rendah,#D9B3FF
48,5,280,1622536,0.0001725694,Rendah,#D9B3FF
49,5,88,782676,0.0001124348,Rendah,#D9B3FF
50,5,209,689361,0.0003031793,Rendah,#D9B3FF
51,5,177,1182298,0.0001497084,Rendah,#D9B3FF
52,5,236,1650256,0.0001430081,Rendah,#D9B3FF
53,5,522,2321549,0.0002248499,Rendah,#D9B3FF
54,5,194,1136879,0.0001706426,Rendah,#D9B3FF
55,5,411,1274197,0.0003225561,Rendah,#D9B3FF
56,5,178,1060086,0.0001679109,Rendah,#D9B3FF
57,5,98,685490,0.0001429634,Rendah,#D9B3FF
58,5,187,636148,0.0002939568,Rendah,#D9B3FF
59,5,72,840327,0.0000856809,Rendah,#D9B3FF
60,5,249,1255119,0.0001983876,Rendah,#D9B3FF
61,5,114,1182070,0.0000964410,Rendah,#D9B3FF
62,5,270,1204437,0.0002241711,Rendah,#D9B3FF
63,5,377,1342628,0.0002807926,Rendah,#D9B3FF
64,5,199,1003188,0.0001983676,Rendah,#D9B3FF
65,5,69,1001140,0.0000689214,Rendah,#D9B3FF
66,5,126,898130,0.0001402915,Rendah,#D9B3FF
67,5,98,1096701,0.0000893589,Rendah,#D9B3FF
68,5,327,291256,0.0011227237,Tinggi,#400080
69,5,106,143840,0.0007369299,Sedang,#8C1AFF
70,5,601,880169,0.0006828234,Sedang,#8C1AFF
71,5,106,241423,0.0004390634,Rendah,#D9B3FF
72,5,82,203244,0.0004034559,Rendah,#D9B3FF
73,5,110,131216,0.0008383124,Tinggi,#400080
74,5,214,177972,0.0012024363,Tinggi,#400080
75,5,1188,2918543,0.0004070524,Rendah,#D9B3FF
76,5,69,211225,0.0003266659,Rendah,#D9B3FF
77,5,47,557164,0.0000843558,Rendah,#FFFF00
78,5,160,877121,0.0001824150,Rendah,#FFFF00
79,5,30,699526,0.0000428862,Rendah,#FFFF00
80,5,165,1047645,0.0001574961,Rendah,#FFFF00
81,5,169,1167796,0.0001447171,Rendah,#FFFF00
82,5,206,1587132,0.0001297939,Rendah,#FFFF00
83,5,320,2637160,0.0001213427,Rendah,#FFFF00
84,5,347,1047482,0.0003312706,Sedang,#E6E600
85,5,194,2471542,0.0000784935,Rendah,#FFFF00
86,5,132,1622536,0.0000813541,Rendah,#FFFF00
87,5,60,782676,0.0000766601,Rendah,#FFFF00
88,5,53,689361,0.0000768828,Rendah,#FFFF00
89,5,175,1182298,0.0001480168,Rendah,#FFFF00
90,5,267,1650256,0.0001617931,Rendah,#FFFF00
91,5,381,2321549,0.0001641146,Rendah,#FFFF00
92,5,106,1136879,0.0000932377,Rendah,#FFFF00
93,5,64,1274197,0.0000502277,Rendah,#FFFF00
94,5,100,1060086,0.0000943320,Rendah,#FFFF00
95,5,59,685490,0.0000860698,Rendah,#FFFF00
96,5,18,636148,0.0000282953,Rendah,#FFFF00
97,5,57,840327,0.0000678307,Rendah,#FFFF00
98,5,50,1255119,0.0000398369,Rendah,#FFFF00
99,5,64,1182070,0.0000541423,Rendah,#FFFF00
100,5,148,1204437,0.0001228790,Rendah,#FFFF00
101,5,152,1342628,0.0001132108,Rendah,#FFFF00
102,5,12,1003188,0.0000119619,Rendah,#FFFF00
103,5,18,1001140,0.0000179795,Rendah,#FFFF00
104,5,26,898130,0.0000289490,Rendah,#FFFF00
105,5,14,1096701,0.0000127656,Rendah,#FFFF00
106,5,81,291256,0.0002781059,Sedang,#E6E600
107,5,38,143840,0.0002641824,Sedang,#E6E600
108,5,112,880169,0.0001272483,Rendah,#FFFF00
109,5,130,241423,0.0005384740,Tinggi,#666600
110,5,82,203244,0.0004034559,Tinggi,#666600
111,5,41,131216,0.0003124619,Sedang,#E6E600
112,5,46,177972,0.0002584676,Sedang,#E6E600
113,5,251,2918543,0.0000860018,Rendah,#FFFF00
114,5,36,211225,0.0001704344,Rendah,#FFFF00
1,6,339,557164,0.0006084384,Tinggi,#408000
2,6,466,877121,0.0005312836,Sedang,#99FF33
3,6,483,699526,0.0006904675,Tinggi,#408000
4,6,439,1047645,0.0004190351,Sedang,#99FF33
5,6,286,1167796,0.0002449058,Rendah,#E6FFCC
6,6,245,1587132,0.0001543665,Rendah,#E6FFCC
7,6,758,2637160,0.0002874304,Rendah,#E6FFCC
8,6,507,1047482,0.0004840179,Sedang,#99FF33
9,6,686,2471542,0.0002775595,Rendah,#E6FFCC
10,6,471,1622536,0.0002902863,Rendah,#E6FFCC
11,6,601,782676,0.0007678784,Tinggi,#408000
12,6,323,689361,0.0004685499,Sedang,#99FF33
13,6,462,1182298,0.0003907644,Sedang,#99FF33
14,6,468,1650256,0.0002835924,Rendah,#E6FFCC
15,6,522,2321549,0.0002248499,Rendah,#E6FFCC
16,6,415,1136879,0.0003650344,Sedang,#99FF33
17,6,514,1274197,0.0004033913,Sedang,#99FF33
18,6,272,1060086,0.0002565830,Rendah,#E6FFCC
19,6,308,685490,0.0004493136,Sedang,#99FF33
20,6,466,636148,0.0007325339,Tinggi,#408000
21,6,594,840327,0.0007068677,Tinggi,#408000
22,6,425,1255119,0.0003386133,Rendah,#E6FFCC
23,6,352,1182070,0.0002977827,Rendah,#E6FFCC
24,6,698,1204437,0.0005795239,Tinggi,#408000
25,6,635,1342628,0.0004729530,Sedang,#99FF33
26,6,726,1003188,0.0007236929,Tinggi,#408000
27,6,497,1001140,0.0004964341,Sedang,#99FF33
28,6,478,898130,0.0005322169,Sedang,#99FF33
29,6,724,1096701,0.0006601617,Tinggi,#408000
30,6,130,291256,0.0004463427,Sedang,#99FF33
31,6,59,143840,0.0004101780,Sedang,#99FF33
32,6,114,880169,0.0001295206,Rendah,#E6FFCC
33,6,77,241423,0.0003189423,Rendah,#E6FFCC
34,6,81,203244,0.0003985358,Sedang,#99FF33
35,6,78,131216,0.0005944397,Tinggi,#408000
36,6,56,177972,0.0003146562,Rendah,#E6FFCC
37,6,493,2918543,0.0001689199,Rendah,#E6FFCC
38,6,64,211225,0.0003029944,Rendah,#E6FFCC
39,6,263,557164,0.0004720334,Rendah,#D9B3FF
40,6,892,877121,0.0010169635,Rendah,#D9B3FF
41,6,393,699526,0.0005618090,Rendah,#D9B3FF
42,6,1366,1047645,0.0013038768,Rendah,#D9B3FF
43,6,596,1167796,0.0005103631,Rendah,#D9B3FF
44,6,912,1587132,0.0005746214,Rendah,#D9B3FF
45,6,2430,2637160,0.0009214458,Rendah,#D9B3FF
46,6,745,1047482,0.0007112294,Rendah,#D9B3FF
47,6,1158,2471542,0.0004685334,Rendah,#D9B3FF
48,6,860,1622536,0.0005300345,Rendah,#D9B3FF
49,6,472,782676,0.0006030592,Rendah,#D9B3FF
50,6,535,689361,0.0007760810,Rendah,#D9B3FF
51,6,413,1182298,0.0003493197,Rendah,#D9B3FF
52,6,977,1650256,0.0005920294,Rendah,#D9B3FF
53,6,1965,2321549,0.0008464176,Rendah,#D9B3FF
54,6,973,1136879,0.0008558519,Rendah,#D9B3FF
55,6,1265,1274197,0.0009927821,Rendah,#D9B3FF
56,6,572,1060086,0.0005395789,Rendah,#D9B3FF
57,6,393,685490,0.0005733125,Rendah,#D9B3FF
58,6,504,636148,0.0007922685,Rendah,#D9B3FF
59,6,606,840327,0.0007211478,Rendah,#D9B3FF
60,6,871,1255119,0.0006939581,Rendah,#D9B3FF
61,6,742,1182070,0.0006277124,Rendah,#D9B3FF
62,6,1038,1204437,0.0008618134,Rendah,#D9B3FF
63,6,1516,1342628,0.0011291288,Rendah,#D9B3FF
64,6,412,1003188,0.0004106907,Rendah,#D9B3FF
65,6,151,1001140,0.0001508281,Rendah,#D9B3FF
66,6,404,898130,0.0004498235,Rendah,#D9B3FF
67,6,295,1096701,0.0002689885,Rendah,#D9B3FF
68,6,1340,291256,0.0046007636,Tinggi,#400080
69,6,490,143840,0.0034065628,Sedang,#8C1AFF
70,6,2816,880169,0.0031993856,Sedang,#8C1AFF
71,6,418,241423,0.0017314009,Rendah,#D9B3FF
72,6,298,203244,0.0014662179,Rendah,#D9B3FF
73,6,756,131216,0.0057614925,Tinggi,#400080
74,6,1068,177972,0.0060009440,Tinggi,#400080
75,6,9644,2918543,0.0033043885,Sedang,#8C1AFF
76,6,425,211225,0.0020120724,Rendah,#D9B3FF
77,6,85,557164,0.0001525583,Rendah,#FFFF00
78,6,186,877121,0.0002120574,Rendah,#FFFF00
79,6,113,699526,0.0001615380,Rendah,#FFFF00
80,6,228,1047645,0.0002176310,Rendah,#FFFF00
81,6,111,1167796,0.0000950508,Rendah,#FFFF00
82,6,224,1587132,0.0001411351,Rendah,#FFFF00
83,6,345,2637160,0.0001308226,Rendah,#FFFF00
84,6,369,1047482,0.0003522734,Sedang,#E6E600
85,6,392,2471542,0.0001586054,Rendah,#FFFF00
86,6,176,1622536,0.0001084722,Rendah,#FFFF00
87,6,45,782676,0.0000574951,Rendah,#FFFF00
88,6,46,689361,0.0000667285,Rendah,#FFFF00
89,6,122,1182298,0.0001031889,Rendah,#FFFF00
90,6,213,1650256,0.0001290709,Rendah,#FFFF00
91,6,305,2321549,0.0001313778,Rendah,#FFFF00
92,6,138,1136879,0.0001213849,Rendah,#FFFF00
93,6,135,1274197,0.0001059491,Rendah,#FFFF00
94,6,191,1060086,0.0001801741,Rendah,#FFFF00
95,6,66,685490,0.0000962815,Rendah,#FFFF00
96,6,35,636148,0.0000550186,Rendah,#FFFF00
97,6,113,840327,0.0001344715,Rendah,#FFFF00
98,6,135,1255119,0.0001075595,Rendah,#FFFF00
99,6,156,1182070,0.0001319719,Rendah,#FFFF00
100,6,228,1204437,0.0001893001,Rendah,#FFFF00
101,6,194,1342628,0.0001444927,Rendah,#FFFF00
102,6,61,1003188,0.0000608061,Rendah,#FFFF00
103,6,42,1001140,0.0000419522,Rendah,#FFFF00
104,6,75,898130,0.0000835068,Rendah,#FFFF00
105,6,11,1096701,0.0000100301,Rendah,#FFFF00
106,6,164,291256,0.0005630785,Tinggi,#666600
107,6,65,143840,0.0004518910,Sedang,#E6E600
108,6,335,880169,0.0003806087,Sedang,#E6E600
109,6,81,241423,0.0003355107,Sedang,#E6E600
110,6,148,203244,0.0007281888,Tinggi,#666600
111,6,61,131216,0.0004648823,Sedang,#E6E600
112,6,116,177972,0.0006517879,Tinggi,#666600
113,6,939,2918543,0.0003217359,Sedang,#E6E600
114,6,32,211225,0.0001514972,Rendah,#FFFF00
1,7,47,557164,0.0000843558,Sedang,#00AAFF
2,7,33,877121,0.0000376231,Rendah,#80D4FF
3,7,67,699526,0.0000957791,Sedang,#00AAFF
4,7,32,1047645,0.0000305447,Rendah,#80D4FF
5,7,24,1167796,0.0000205515,Rendah,#80D4FF
6,7,63,1587132,0.0000396942,Rendah,#80D4FF
7,7,12,2637160,0.0000045503,Rendah,#80D4FF
8,7,45,1047482,0.0000429602,Rendah,#80D4FF
9,7,23,2471542,0.0000093059,Rendah,#80D4FF
10,7,19,1622536,0.0000117101,Rendah,#80D4FF
11,7,29,782676,0.0000370524,Rendah,#80D4FF
12,7,33,689361,0.0000478704,Rendah,#80D4FF
13,7,15,1182298,0.0000126872,Rendah,#80D4FF
14,7,77,1650256,0.0000466594,Rendah,#80D4FF
15,7,20,2321549,0.0000086149,Rendah,#80D4FF
16,7,20,1136879,0.0000175920,Rendah,#80D4FF
17,7,48,1274197,0.0000376708,Rendah,#80D4FF
18,7,19,1060086,0.0000179231,Rendah,#80D4FF
19,7,22,685490,0.0000320938,Rendah,#80D4FF
20,7,29,636148,0.0000455869,Rendah,#80D4FF
21,7,31,840327,0.0000368904,Rendah,#80D4FF
22,7,43,1255119,0.0000342597,Rendah,#80D4FF
23,7,34,1182070,0.0000287631,Rendah,#80D4FF
24,7,4,1204437,0.0000033211,Rendah,#80D4FF
25,7,24,1342628,0.0000178754,Rendah,#80D4FF
26,7,6,1003188,0.0000059809,Rendah,#80D4FF
27,7,8,1001140,0.0000079909,Rendah,#80D4FF
28,7,37,898130,0.0000411967,Rendah,#80D4FF
29,7,42,1096701,0.0000382967,Rendah,#80D4FF
30,7,5,291256,0.0000171670,Rendah,#80D4FF
31,7,6,143840,0.0000417130,Rendah,#80D4FF
32,7,34,880169,0.0000386289,Rendah,#80D4FF
33,7,2,241423,0.0000082842,Rendah,#80D4FF
34,7,6,203244,0.0000295212,Rendah,#80D4FF
35,7,2,131216,0.0000152420,Rendah,#80D4FF
36,7,36,177972,0.0002022790,Tinggi,#004466
37,7,140,2918543,0.0000479691,Rendah,#80D4FF
38,7,14,211225,0.0000662800,Rendah,#80D4FF
39,7,5,557164,0.0000089740,Rendah,#FFCCE0
40,7,9,877121,0.0000102608,Rendah,#FFCCE0
41,7,0,699526,0.0000000000,Rendah,#FFCCE0
42,7,13,1047645,0.0000124088,Rendah,#FFCCE0
43,7,1,1167796,0.0000008563,Rendah,#FFCCE0
44,7,10,1587132,0.0000063007,Rendah,#FFCCE0
45,7,15,2637160,0.0000056879,Rendah,#FFCCE0
46,7,6,1047482,0.0000057280,Rendah,#FFCCE0
47,7,15,2471542,0.0000060691,Rendah,#FFCCE0
48,7,10,1622536,0.0000061632,Rendah,#FFCCE0
49,7,0,782676,0.0000000000,Rendah,#FFCCE0
50,7,13,689361,0.0000188580,Sedang,#FF4D94
51,7,2,1182298,0.0000016916,Rendah,#FFCCE0
52,7,6,1650256,0.0000036358,Rendah,#FFCCE0
53,7,7,2321549,0.0000030152,Rendah,#FFCCE0
54,7,5,1136879,0.0000043980,Rendah,#FFCCE0
55,7,10,1274197,0.0000078481,Rendah,#FFCCE0
56,7,5,1060086,0.0000047166,Rendah,#FFCCE0
57,7,1,685490,0.0000014588,Rendah,#FFCCE0
58,7,3,636148,0.0000047159,Rendah,#FFCCE0
59,7,4,840327,0.0000047601,Rendah,#FFCCE0
60,7,12,1255119,0.0000095608,Rendah,#FFCCE0
61,7,0,1182070,0.0000000000,Rendah,#FFCCE0
62,7,9,1204437,0.0000074724,Rendah,#FFCCE0
63,7,28,1342628,0.0000208546,Sedang,#FF4D94
64,7,4,1003188,0.0000039873,Rendah,#FFCCE0
65,7,1,1001140,0.0000009989,Rendah,#FFCCE0
66,7,8,898130,0.0000089074,Rendah,#FFCCE0
67,7,0,1096701,0.0000000000,Rendah,#FFCCE0
68,7,10,291256,0.0000343341,Tinggi,#99003D
69,7,0,143840,0.0000000000,Rendah,#FFCCE0
70,7,3,880169,0.0000034084,Rendah,#FFCCE0
71,7,5,241423,0.0000207105,Sedang,#FF4D94
72,7,7,203244,0.0000344414,Tinggi,#99003D
73,7,2,131216,0.0000152420,Rendah,#FFCCE0
74,7,7,177972,0.0000393320,Tinggi,#99003D
75,7,149,2918543,0.0000510529,Tinggi,#99003D
76,7,10,211225,0.0000473429,Tinggi,#99003D
77,7,3,557164,0.0000053844,Rendah,#FFCC99
78,7,18,877121,0.0000205217,Rendah,#FFCC99
79,7,2,699526,0.0000028591,Rendah,#FFCC99
80,7,13,1047645,0.0000124088,Rendah,#FFCC99
81,7,0,1167796,0.0000000000,Rendah,#FFCC99
82,7,8,1587132,0.0000050405,Rendah,#FFCC99
83,7,3,2637160,0.0000011376,Rendah,#FFCC99
84,7,14,1047482,0.0000133654,Rendah,#FFCC99
85,7,35,2471542,0.0000141612,Rendah,#FFCC99
86,7,8,1622536,0.0000049306,Rendah,#FFCC99
87,7,0,782676,0.0000000000,Rendah,#FFCC99
88,7,4,689361,0.0000058025,Rendah,#FFCC99
89,7,0,1182298,0.0000000000,Rendah,#FFCC99
90,7,0,1650256,0.0000000000,Rendah,#FFCC99
91,7,0,2321549,0.0000000000,Rendah,#FFCC99
92,7,0,1136879,0.0000000000,Rendah,#FFCC99
93,7,6,1274197,0.0000047088,Rendah,#FFCC99
94,7,8,1060086,0.0000075466,Rendah,#FFCC99
95,7,12,685490,0.0000175057,Rendah,#FFCC99
96,7,17,636148,0.0000267233,Rendah,#FFCC99
97,7,24,840327,0.0000285603,Rendah,#FFCC99
98,7,0,1255119,0.0000000000,Rendah,#FFCC99
99,7,1,1182070,0.0000008460,Rendah,#FFCC99
100,7,6,1204437,0.0000049816,Rendah,#FFCC99
101,7,5,1342628,0.0000037240,Rendah,#FFCC99
102,7,1,1003188,0.0000009968,Rendah,#FFCC99
103,7,0,1001140,0.0000000000,Rendah,#FFCC99
104,7,2,898130,0.0000022268,Rendah,#FFCC99
105,7,5,1096701,0.0000045591,Rendah,#FFCC99
106,7,14,291256,0.0000480677,Sedang,#E67300
107,7,16,143840,0.0001112347,Tinggi,#663300
108,7,33,880169,0.0000374928,Rendah,#FFCC99
109,7,19,241423,0.0000787000,Sedang,#E67300
110,7,0,203244,0.0000000000,Rendah,#FFCC99
111,7,1,131216,0.0000076210,Rendah,#FFCC99
112,7,21,177972,0.0001179961,Tinggi,#663300
113,7,62,2918543,0.0000212435,Rendah,#FFCC99
114,7,10,211225,0.0000473429,Sedang,#E67300
1,8,41,557164,0.0000735870,Sedang,#00AAFF
2,8,34,877121,0.0000387632,Rendah,#80D4FF
3,8,48,699526,0.0000686179,Sedang,#00AAFF
4,8,40,1047645,0.0000381809,Rendah,#80D4FF
5,8,31,1167796,0.0000265457,Rendah,#80D4FF
6,8,70,1587132,0.0000441047,Rendah,#80D4FF
7,8,33,2637160,0.0000125135,Rendah,#80D4FF
8,8,25,1047482,0.0000238668,Rendah,#80D4FF
9,8,17,2471542,0.0000068783,Rendah,#80D4FF
10,8,33,1622536,0.0000203385,Rendah,#80D4FF
11,8,28,782676,0.0000357747,Rendah,#80D4FF
12,8,24,689361,0.0000348149,Rendah,#80D4FF
13,8,24,1182298,0.0000202995,Rendah,#80D4FF
14,8,36,1650256,0.0000218148,Rendah,#80D4FF
15,8,24,2321549,0.0000103379,Rendah,#80D4FF
16,8,23,1136879,0.0000202308,Rendah,#80D4FF
17,8,37,1274197,0.0000290379,Rendah,#80D4FF
18,8,29,1060086,0.0000273563,Rendah,#80D4FF
19,8,25,685490,0.0000364703,Rendah,#80D4FF
20,8,28,636148,0.0000440149,Rendah,#80D4FF
21,8,35,840327,0.0000416505,Rendah,#80D4FF
22,8,30,1255119,0.0000239021,Rendah,#80D4FF
23,8,31,1182070,0.0000262252,Rendah,#80D4FF
24,8,24,1204437,0.0000199263,Rendah,#80D4FF
25,8,22,1342628,0.0000163858,Rendah,#80D4FF
26,8,18,1003188,0.0000179428,Rendah,#80D4FF
27,8,29,1001140,0.0000289670,Rendah,#80D4FF
28,8,23,898130,0.0000256088,Rendah,#80D4FF
29,8,31,1096701,0.0000282666,Rendah,#80D4FF
30,8,10,291256,0.0000343341,Rendah,#80D4FF
31,8,3,143840,0.0000208565,Rendah,#80D4FF
32,8,38,880169,0.0000431735,Rendah,#80D4FF
33,8,6,241423,0.0000248526,Rendah,#80D4FF
34,8,8,203244,0.0000393616,Rendah,#80D4FF
35,8,16,131216,0.0001219363,Tinggi,#004466
36,8,8,177972,0.0000449509,Rendah,#80D4FF
37,8,70,2918543,0.0000239846,Rendah,#80D4FF
38,8,5,211225,0.0000236714,Rendah,#80D4FF
39,8,9,557164,0.0000161532,Rendah,#FFCCE0
40,8,14,877121,0.0000159613,Rendah,#FFCCE0
41,8,8,699526,0.0000114363,Rendah,#FFCCE0
42,8,15,1047645,0.0000143178,Rendah,#FFCCE0
43,8,10,1167796,0.0000085631,Rendah,#FFCCE0
44,8,10,1587132,0.0000063007,Rendah,#FFCCE0
45,8,25,2637160,0.0000094799,Rendah,#FFCCE0
46,8,9,1047482,0.0000085920,Rendah,#FFCCE0
47,8,18,2471542,0.0000072829,Rendah,#FFCCE0
48,8,8,1622536,0.0000049306,Rendah,#FFCCE0
49,8,6,782676,0.0000076660,Rendah,#FFCCE0
50,8,6,689361,0.0000087037,Rendah,#FFCCE0
51,8,0,1182298,0.0000000000,Rendah,#FFCCE0
52,8,9,1650256,0.0000054537,Rendah,#FFCCE0
53,8,20,2321549,0.0000086149,Rendah,#FFCCE0
54,8,17,1136879,0.0000149532,Rendah,#FFCCE0
55,8,16,1274197,0.0000125569,Rendah,#FFCCE0
56,8,12,1060086,0.0000113198,Rendah,#FFCCE0
57,8,7,685490,0.0000102117,Rendah,#FFCCE0
58,8,13,636148,0.0000204355,Rendah,#FFCCE0
59,8,8,840327,0.0000095201,Rendah,#FFCCE0
60,8,8,1255119,0.0000063739,Rendah,#FFCCE0
61,8,8,1182070,0.0000067678,Rendah,#FFCCE0
62,8,13,1204437,0.0000107934,Rendah,#FFCCE0
63,8,20,1342628,0.0000148962,Rendah,#FFCCE0
64,8,7,1003188,0.0000069778,Rendah,#FFCCE0
65,8,3,1001140,0.0000029966,Rendah,#FFCCE0
66,8,7,898130,0.0000077940,Rendah,#FFCCE0
67,8,7,1096701,0.0000063828,Rendah,#FFCCE0
68,8,16,291256,0.0000549345,Sedang,#FF4D94
69,8,8,143840,0.0000556174,Sedang,#FF4D94
70,8,24,880169,0.0000272675,Rendah,#FFCCE0
71,8,4,241423,0.0000165684,Rendah,#FFCCE0
72,8,6,203244,0.0000295212,Rendah,#FFCCE0
73,8,8,131216,0.0000609682,Sedang,#FF4D94
74,8,21,177972,0.0001179961,Tinggi,#99003D
75,8,112,2918543,0.0000383753,Rendah,#FFCCE0
76,8,3,211225,0.0000142029,Rendah,#FFCCE0
77,8,3,557164,0.0000053844,Rendah,#FFCC99
78,8,3,877121,0.0000034203,Rendah,#FFCC99
79,8,4,699526,0.0000057182,Rendah,#FFCC99
80,8,4,1047645,0.0000038181,Rendah,#FFCC99
81,8,0,1167796,0.0000000000,Rendah,#FFCC99
82,8,1,1587132,0.0000006301,Rendah,#FFCC99
83,8,7,2637160,0.0000026544,Rendah,#FFCC99
84,8,9,1047482,0.0000085920,Rendah,#FFCC99
85,8,3,2471542,0.0000012138,Rendah,#FFCC99
86,8,3,1622536,0.0000018490,Rendah,#FFCC99
87,8,0,782676,0.0000000000,Rendah,#FFCC99
88,8,3,689361,0.0000043519,Rendah,#FFCC99
89,8,2,1182298,0.0000016916,Rendah,#FFCC99
90,8,0,1650256,0.0000000000,Rendah,#FFCC99
91,8,0,2321549,0.0000000000,Rendah,#FFCC99
92,8,0,1136879,0.0000000000,Rendah,#FFCC99
93,8,0,1274197,0.0000000000,Rendah,#FFCC99
94,8,1,1060086,0.0000009433,Rendah,#FFCC99
95,8,2,685490,0.0000029176,Rendah,#FFCC99
96,8,5,636148,0.0000078598,Rendah,#FFCC99
97,8,4,840327,0.0000047601,Rendah,#FFCC99
98,8,0,1255119,0.0000000000,Rendah,#FFCC99
99,8,3,1182070,0.0000025379,Rendah,#FFCC99
100,8,0,1204437,0.0000000000,Rendah,#FFCC99
101,8,2,1342628,0.0000014896,Rendah,#FFCC99
102,8,2,1003188,0.0000019936,Rendah,#FFCC99
103,8,3,1001140,0.0000029966,Rendah,#FFCC99
104,8,0,898130,0.0000000000,Rendah,#FFCC99
105,8,3,1096701,0.0000027355,Rendah,#FFCC99
106,8,3,291256,0.0000103002,Rendah,#FFCC99
107,8,1,143840,0.0000069522,Rendah,#FFCC99
108,8,2,880169,0.0000022723,Rendah,#FFCC99
109,8,17,241423,0.0000704158,Tinggi,#663300
110,8,1,203244,0.0000049202,Rendah,#FFCC99
111,8,3,131216,0.0000228631,Rendah,#FFCC99
112,8,9,177972,0.0000505698,Tinggi,#663300
113,8,42,2918543,0.0000143907,Rendah,#FFCC99
114,8,3,211225,0.0000142029,Rendah,#FFCC99
1,9,45,557164,0.0000807662,Tinggi,#004466
2,9,30,877121,0.0000342028,Rendah,#80D4FF
3,9,58,699526,0.0000829133,Tinggi,#004466
4,9,43,1047645,0.0000410444,Rendah,#80D4FF
5,9,39,1167796,0.0000333962,Rendah,#80D4FF
6,9,80,1587132,0.0000504054,Sedang,#00AAFF
7,9,49,2637160,0.0000185806,Rendah,#80D4FF
8,9,47,1047482,0.0000448695,Rendah,#80D4FF
9,9,55,2471542,0.0000222533,Rendah,#80D4FF
10,9,52,1622536,0.0000320486,Rendah,#80D4FF
11,9,43,782676,0.0000549397,Sedang,#00AAFF
12,9,42,689361,0.0000609260,Sedang,#00AAFF
13,9,43,1182298,0.0000363698,Rendah,#80D4FF
14,9,52,1650256,0.0000315103,Rendah,#80D4FF
15,9,46,2321549,0.0000198144,Rendah,#80D4FF
16,9,24,1136879,0.0000211104,Rendah,#80D4FF
17,9,43,1274197,0.0000337467,Rendah,#80D4FF
18,9,25,1060086,0.0000235830,Rendah,#80D4FF
19,9,31,685490,0.0000452231,Rendah,#80D4FF
20,9,34,636148,0.0000534467,Sedang,#00AAFF
21,9,48,840327,0.0000571206,Sedang,#00AAFF
22,9,41,1255119,0.0000326662,Rendah,#80D4FF
23,9,37,1182070,0.0000313010,Rendah,#80D4FF
24,9,36,1204437,0.0000298895,Rendah,#80D4FF
25,9,29,1342628,0.0000215994,Rendah,#80D4FF
26,9,27,1003188,0.0000269142,Rendah,#80D4FF
27,9,44,1001140,0.0000439499,Rendah,#80D4FF
28,9,29,898130,0.0000322893,Rendah,#80D4FF
29,9,59,1096701,0.0000537977,Sedang,#00AAFF
30,9,15,291256,0.0000515011,Sedang,#00AAFF
31,9,5,143840,0.0000347608,Rendah,#80D4FF
32,9,47,880169,0.0000533988,Sedang,#00AAFF
33,9,9,241423,0.0000372790,Rendah,#80D4FF
34,9,9,203244,0.0000442818,Rendah,#80D4FF
35,9,13,131216,0.0000990733,Tinggi,#004466
36,9,16,177972,0.0000899018,Tinggi,#004466
37,9,138,2918543,0.0000472839,Sedang,#00AAFF
38,9,10,211225,0.0000473429,Sedang,#00AAFF
39,9,16,557164,0.0000287169,Rendah,#FFCCE0
40,9,34,877121,0.0000387632,Rendah,#FFCCE0
41,9,22,699526,0.0000314499,Rendah,#FFCCE0
42,9,61,1047645,0.0000582258,Rendah,#FFCCE0
43,9,37,1167796,0.0000316836,Rendah,#FFCCE0
44,9,40,1587132,0.0000252027,Rendah,#FFCCE0
45,9,125,2637160,0.0000473995,Rendah,#FFCCE0
46,9,28,1047482,0.0000267308,Rendah,#FFCCE0
47,9,46,2471542,0.0000186119,Rendah,#FFCCE0
48,9,59,1622536,0.0000363628,Rendah,#FFCCE0
49,9,15,782676,0.0000191650,Rendah,#FFCCE0
50,9,21,689361,0.0000304630,Rendah,#FFCCE0
51,9,25,1182298,0.0000211453,Rendah,#FFCCE0
52,9,31,1650256,0.0000187850,Rendah,#FFCCE0
53,9,78,2321549,0.0000335983,Rendah,#FFCCE0
54,9,61,1136879,0.0000536557,Rendah,#FFCCE0
55,9,43,1274197,0.0000337467,Rendah,#FFCCE0
56,9,25,1060086,0.0000235830,Rendah,#FFCCE0
57,9,16,685490,0.0000233410,Rendah,#FFCCE0
58,9,27,636148,0.0000424430,Rendah,#FFCCE0
59,9,14,840327,0.0000166602,Rendah,#FFCCE0
60,9,33,1255119,0.0000262923,Rendah,#FFCCE0
61,9,20,1182070,0.0000169195,Rendah,#FFCCE0
62,9,42,1204437,0.0000348711,Rendah,#FFCCE0
63,9,39,1342628,0.0000290475,Rendah,#FFCCE0
64,9,13,1003188,0.0000129587,Rendah,#FFCCE0
65,9,11,1001140,0.0000109875,Rendah,#FFCCE0
66,9,16,898130,0.0000178148,Rendah,#FFCCE0
67,9,16,1096701,0.0000145892,Rendah,#FFCCE0
68,9,45,291256,0.0001545033,Sedang,#FF4D94
69,9,25,143840,0.0001738042,Sedang,#FF4D94
70,9,134,880169,0.0001522435,Sedang,#FF4D94
71,9,20,241423,0.0000828421,Rendah,#FFCCE0
72,9,16,203244,0.0000787231,Rendah,#FFCCE0
73,9,19,131216,0.0001447994,Sedang,#FF4D94
74,9,47,177972,0.0002640865,Tinggi,#99003D
75,9,249,2918543,0.0000853165,Rendah,#FFCCE0
76,9,18,211225,0.0000852172,Rendah,#FFCCE0
77,9,3,557164,0.0000053844,Rendah,#FFCC99
78,9,3,877121,0.0000034203,Rendah,#FFCC99
79,9,6,699526,0.0000085772,Sedang,#E67300
80,9,8,1047645,0.0000076362,Sedang,#E67300
81,9,9,1167796,0.0000077068,Sedang,#E67300
82,9,16,1587132,0.0000100811,Sedang,#E67300
83,9,23,2637160,0.0000087215,Sedang,#E67300
84,9,8,1047482,0.0000076374,Sedang,#E67300
85,9,16,2471542,0.0000064737,Sedang,#E67300
86,9,7,1622536,0.0000043142,Rendah,#FFCC99
87,9,0,782676,0.0000000000,Rendah,#FFCC99
88,9,1,689361,0.0000014506,Rendah,#FFCC99
89,9,4,1182298,0.0000033832,Rendah,#FFCC99
90,9,3,1650256,0.0000018179,Rendah,#FFCC99
91,9,7,2321549,0.0000030152,Rendah,#FFCC99
92,9,0,1136879,0.0000000000,Rendah,#FFCC99
93,9,7,1274197,0.0000054937,Rendah,#FFCC99
94,9,12,1060086,0.0000113198,Sedang,#E67300
95,9,3,685490,0.0000043764,Rendah,#FFCC99
96,9,1,636148,0.0000015720,Rendah,#FFCC99
97,9,3,840327,0.0000035700,Rendah,#FFCC99
98,9,5,1255119,0.0000039837,Rendah,#FFCC99
99,9,1,1182070,0.0000008460,Rendah,#FFCC99
100,9,4,1204437,0.0000033211,Rendah,#FFCC99
101,9,1,1342628,0.0000007448,Rendah,#FFCC99
102,9,0,1003188,0.0000000000,Rendah,#FFCC99
103,9,3,1001140,0.0000029966,Rendah,#FFCC99
104,9,1,898130,0.0000011134,Rendah,#FFCC99
105,9,6,1096701,0.0000054710,Rendah,#FFCC99
106,9,4,291256,0.0000137336,Tinggi,#663300
107,9,0,143840,0.0000000000,Rendah,#FFCC99
108,9,16,880169,0.0000181783,Tinggi,#663300
109,9,2,241423,0.0000082842,Sedang,#E67300
110,9,2,203244,0.0000098404,Sedang,#E67300
111,9,0,131216,0.0000000000,Rendah,#FFCC99
112,9,1,177972,0.0000056189,Rendah,#FFCC99
113,9,9,2918543,0.0000030837,Rendah,#FFCC99
114,9,3,211225,0.0000142029,Tinggi,#663300
1,10,34,557164,0.0000610233,Sedang,#3973AC
2,10,28,877121,0.0000319226,Rendah,#B3CCE6
3,10,52,699526,0.0000743361,Tinggi,#204060
4,10,54,1047645,0.0000515442,Sedang,#3973AC
5,10,28,1167796,0.0000239768,Rendah,#B3CCE6
6,10,65,1587132,0.0000409544,Sedang,#3973AC
7,10,50,2637160,0.0000189598,Rendah,#B3CCE6
8,10,29,1047482,0.0000276854,Rendah,#B3CCE6
9,10,19,2471542,0.0000076875,Rendah,#B3CCE6
10,10,44,1622536,0.0000271180,Rendah,#B3CCE6
11,10,27,782676,0.0000344970,Rendah,#B3CCE6
12,10,21,689361,0.0000304630,Rendah,#B3CCE6
13,10,25,1182298,0.0000211453,Rendah,#B3CCE6
14,10,40,1650256,0.0000242387,Rendah,#B3CCE6
15,10,64,2321549,0.0000275678,Rendah,#B3CCE6
16,10,24,1136879,0.0000211104,Rendah,#B3CCE6
17,10,63,1274197,0.0000494429,Sedang,#3973AC
18,10,32,1060086,0.0000301862,Rendah,#B3CCE6
19,10,29,685490,0.0000423055,Sedang,#3973AC
20,10,25,636148,0.0000392990,Sedang,#3973AC
21,10,25,840327,0.0000297503,Rendah,#B3CCE6
22,10,44,1255119,0.0000350564,Rendah,#B3CCE6
23,10,38,1182070,0.0000321470,Rendah,#B3CCE6
24,10,51,1204437,0.0000423434,Sedang,#3973AC
25,10,48,1342628,0.0000357508,Rendah,#B3CCE6
26,10,43,1003188,0.0000428634,Sedang,#3973AC
27,10,58,1001140,0.0000579340,Sedang,#3973AC
28,10,38,898130,0.0000423101,Sedang,#3973AC
29,10,56,1096701,0.0000510622,Sedang,#3973AC
30,10,16,291256,0.0000549345,Sedang,#3973AC
31,10,6,143840,0.0000417130,Sedang,#3973AC
32,10,35,880169,0.0000397651,Sedang,#3973AC
33,10,10,241423,0.0000414211,Sedang,#3973AC
34,10,12,203244,0.0000590423,Sedang,#3973AC
35,10,13,131216,0.0000990733,Tinggi,#204060
36,10,14,177972,0.0000786641,Tinggi,#204060
37,10,76,2918543,0.0000260404,Rendah,#B3CCE6
38,10,9,211225,0.0000426086,Sedang,#3973AC
39,10,21,557164,0.0000376909,Rendah,#FFB3B3
40,10,68,877121,0.0000775264,Rendah,#FFB3B3
41,10,7,699526,0.0000100068,Rendah,#FFB3B3
42,10,107,1047645,0.0001021338,Rendah,#FFB3B3
43,10,57,1167796,0.0000488099,Rendah,#FFB3B3
44,10,97,1587132,0.0000611165,Rendah,#FFB3B3
45,10,131,2637160,0.0000496747,Rendah,#FFB3B3
46,10,66,1047482,0.0000630082,Rendah,#FFB3B3
47,10,120,2471542,0.0000485527,Rendah,#FFB3B3
48,10,87,1622536,0.0000536198,Rendah,#FFB3B3
49,10,26,782676,0.0000332194,Rendah,#FFB3B3
50,10,38,689361,0.0000551235,Rendah,#FFB3B3
51,10,38,1182298,0.0000321408,Rendah,#FFB3B3
52,10,57,1650256,0.0000345401,Rendah,#FFB3B3
53,10,241,2321549,0.0001038100,Rendah,#FFB3B3
54,10,90,1136879,0.0000791641,Rendah,#FFB3B3
55,10,82,1274197,0.0000643543,Rendah,#FFB3B3
56,10,46,1060086,0.0000433927,Rendah,#FFB3B3
57,10,39,685490,0.0000568936,Rendah,#FFB3B3
58,10,34,636148,0.0000534467,Rendah,#FFB3B3
59,10,40,840327,0.0000476005,Rendah,#FFB3B3
60,10,59,1255119,0.0000470075,Rendah,#FFB3B3
61,10,53,1182070,0.0000448366,Rendah,#FFB3B3
62,10,51,1204437,0.0000423434,Rendah,#FFB3B3
63,10,141,1342628,0.0001050179,Rendah,#FFB3B3
64,10,13,1003188,0.0000129587,Rendah,#FFB3B3
65,10,23,1001140,0.0000229738,Rendah,#FFB3B3
66,10,56,898130,0.0000623518,Rendah,#FFB3B3
67,10,28,1096701,0.0000255311,Rendah,#FFB3B3
68,10,122,291256,0.0004188755,Tinggi,#660000
69,10,50,143840,0.0003476085,Tinggi,#660000
70,10,217,880169,0.0002465436,Sedang,#FF1A1A
71,10,23,241423,0.0000952685,Rendah,#FFB3B3
72,10,14,203244,0.0000688827,Rendah,#FFB3B3
73,10,62,131216,0.0004725034,Tinggi,#660000
74,10,78,177972,0.0004382712,Tinggi,#660000
75,10,846,2918543,0.0002898707,Sedang,#FF1A1A
76,10,31,211225,0.0001467629,Rendah,#FFB3B3
77,10,6,557164,0.0000107688,Rendah,#D9FFCC
78,10,20,877121,0.0000228019,Rendah,#D9FFCC
79,10,18,699526,0.0000257317,Rendah,#D9FFCC
80,10,52,1047645,0.0000496351,Rendah,#D9FFCC
81,10,21,1167796,0.0000179826,Rendah,#D9FFCC
82,10,28,1587132,0.0000176419,Rendah,#D9FFCC
83,10,16,2637160,0.0000060671,Rendah,#D9FFCC
84,10,42,1047482,0.0000400962,Rendah,#D9FFCC
85,10,26,2471542,0.0000105197,Rendah,#D9FFCC
86,10,40,1622536,0.0000246528,Rendah,#D9FFCC
87,10,7,782676,0.0000089437,Rendah,#D9FFCC
88,10,15,689361,0.0000217593,Rendah,#D9FFCC
89,10,7,1182298,0.0000059207,Rendah,#D9FFCC
90,10,17,1650256,0.0000103014,Rendah,#D9FFCC
91,10,46,2321549,0.0000198144,Rendah,#D9FFCC
92,10,18,1136879,0.0000158328,Rendah,#D9FFCC
93,10,11,1274197,0.0000086329,Rendah,#D9FFCC
94,10,28,1060086,0.0000264130,Rendah,#D9FFCC
95,10,8,685490,0.0000116705,Rendah,#D9FFCC
96,10,25,636148,0.0000392990,Rendah,#D9FFCC
97,10,14,840327,0.0000166602,Rendah,#D9FFCC
98,10,15,1255119,0.0000119511,Rendah,#D9FFCC
99,10,31,1182070,0.0000262252,Rendah,#D9FFCC
100,10,28,1204437,0.0000232474,Rendah,#D9FFCC
101,10,42,1342628,0.0000312819,Rendah,#D9FFCC
102,10,4,1003188,0.0000039873,Rendah,#D9FFCC
103,10,15,1001140,0.0000149829,Rendah,#D9FFCC
104,10,36,898130,0.0000400833,Rendah,#D9FFCC
105,10,5,1096701,0.0000045591,Rendah,#D9FFCC
106,10,24,291256,0.0000824017,Sedang,#66FF33
107,10,21,143840,0.0001459956,Sedang,#66FF33
108,10,83,880169,0.0000943001,Sedang,#66FF33
109,10,16,241423,0.0000662737,Rendah,#D9FFCC
110,10,23,203244,0.0001131645,Sedang,#66FF33
111,10,16,131216,0.0001219363,Sedang,#66FF33
112,10,33,177972,0.0001854224,Tinggi,#134D00
113,10,689,2918543,0.0002360767,Tinggi,#134D00
114,10,0,211225,0.0000000000,Rendah,#D9FFCC
1,11,7,557164,0.0000125636,Tinggi,#204060
2,11,2,877121,0.0000022802,Rendah,#B3CCE6
3,11,0,699526,0.0000000000,Rendah,#B3CCE6
4,11,0,1047645,0.0000000000,Rendah,#B3CCE6
5,11,0,1167796,0.0000000000,Rendah,#B3CCE6
6,11,0,1587132,0.0000000000,Rendah,#B3CCE6
7,11,2,2637160,0.0000007584,Rendah,#B3CCE6
8,11,0,1047482,0.0000000000,Rendah,#B3CCE6
9,11,0,2471542,0.0000000000,Rendah,#B3CCE6
10,11,0,1622536,0.0000000000,Rendah,#B3CCE6
11,11,0,782676,0.0000000000,Rendah,#B3CCE6
12,11,0,689361,0.0000000000,Rendah,#B3CCE6
13,11,0,1182298,0.0000000000,Rendah,#B3CCE6
14,11,1,1650256,0.0000006060,Rendah,#B3CCE6
15,11,1,2321549,0.0000004307,Rendah,#B3CCE6
16,11,0,1136879,0.0000000000,Rendah,#B3CCE6
17,11,0,1274197,0.0000000000,Rendah,#B3CCE6
18,11,2,1060086,0.0000018866,Rendah,#B3CCE6
19,11,0,685490,0.0000000000,Rendah,#B3CCE6
20,11,0,636148,0.0000000000,Rendah,#B3CCE6
21,11,4,840327,0.0000047601,Sedang,#3973AC
22,11,0,1255119,0.0000000000,Rendah,#B3CCE6
23,11,0,1182070,0.0000000000,Rendah,#B3CCE6
24,11,0,1204437,0.0000000000,Rendah,#B3CCE6
25,11,1,1342628,0.0000007448,Rendah,#B3CCE6
26,11,0,1003188,0.0000000000,Rendah,#B3CCE6
27,11,3,1001140,0.0000029966,Rendah,#B3CCE6
28,11,0,898130,0.0000000000,Rendah,#B3CCE6
29,11,1,1096701,0.0000009118,Rendah,#B3CCE6
30,11,0,291256,0.0000000000,Rendah,#B3CCE6
31,11,1,143840,0.0000069522,Sedang,#3973AC
32,11,0,880169,0.0000000000,Rendah,#B3CCE6
33,11,1,241423,0.0000041421,Rendah,#B3CCE6
34,11,0,203244,0.0000000000,Rendah,#B3CCE6
35,11,0,131216,0.0000000000,Rendah,#B3CCE6
36,11,1,177972,0.0000056189,Sedang,#3973AC
37,11,1,2918543,0.0000003426,Rendah,#B3CCE6
38,11,1,211225,0.0000047343,Sedang,#3973AC
39,11,19,557164,0.0000341013,Rendah,#FFB3B3
40,11,41,877121,0.0000467438,Rendah,#FFB3B3
41,11,15,699526,0.0000214431,Rendah,#FFB3B3
42,11,36,1047645,0.0000343628,Rendah,#FFB3B3
43,11,38,1167796,0.0000325399,Rendah,#FFB3B3
44,11,40,1587132,0.0000252027,Rendah,#FFB3B3
45,11,100,2637160,0.0000379196,Rendah,#FFB3B3
46,11,33,1047482,0.0000315041,Rendah,#FFB3B3
47,11,84,2471542,0.0000339869,Rendah,#FFB3B3
48,11,56,1622536,0.0000345139,Rendah,#FFB3B3
49,11,17,782676,0.0000217204,Rendah,#FFB3B3
50,11,19,689361,0.0000275618,Rendah,#FFB3B3
51,11,23,1182298,0.0000194536,Rendah,#FFB3B3
52,11,43,1650256,0.0000260566,Rendah,#FFB3B3
53,11,119,2321549,0.0000512589,Rendah,#FFB3B3
54,11,65,1136879,0.0000571741,Rendah,#FFB3B3
55,11,30,1274197,0.0000235442,Rendah,#FFB3B3
56,11,35,1060086,0.0000330162,Rendah,#FFB3B3
57,11,32,685490,0.0000466819,Rendah,#FFB3B3
58,11,15,636148,0.0000235794,Rendah,#FFB3B3
59,11,24,840327,0.0000285603,Rendah,#FFB3B3
60,11,46,1255119,0.0000366499,Rendah,#FFB3B3
61,11,33,1182070,0.0000279171,Rendah,#FFB3B3
62,11,0,1204437,0.0000000000,Rendah,#FFB3B3
63,11,81,1342628,0.0000603294,Rendah,#FFB3B3
64,11,11,1003188,0.0000109650,Rendah,#FFB3B3
65,11,10,1001140,0.0000099886,Rendah,#FFB3B3
66,11,33,898130,0.0000367430,Rendah,#FFB3B3
67,11,14,1096701,0.0000127656,Rendah,#FFB3B3
68,11,8,291256,0.0000274672,Rendah,#FFB3B3
69,11,38,143840,0.0002641824,Tinggi,#660000
70,11,172,880169,0.0001954170,Sedang,#FF1A1A
71,11,16,241423,0.0000662737,Rendah,#FFB3B3
72,11,10,203244,0.0000492019,Rendah,#FFB3B3
73,11,39,131216,0.0002972199,Tinggi,#660000
74,11,54,177972,0.0003034185,Tinggi,#660000
75,11,572,2918543,0.0001959882,Sedang,#FF1A1A
76,11,28,211225,0.0001325601,Sedang,#FF1A1A
77,11,2,557164,0.0000035896,Rendah,#D9FFCC
78,11,4,877121,0.0000045604,Rendah,#D9FFCC
79,11,0,699526,0.0000000000,Rendah,#D9FFCC
80,11,4,1047645,0.0000038181,Rendah,#D9FFCC
81,11,0,1167796,0.0000000000,Rendah,#D9FFCC
82,11,3,1587132,0.0000018902,Rendah,#D9FFCC
83,11,14,2637160,0.0000053087,Rendah,#D9FFCC
84,11,5,1047482,0.0000047734,Rendah,#D9FFCC
85,11,4,2471542,0.0000016184,Rendah,#D9FFCC
86,11,6,1622536,0.0000036979,Rendah,#D9FFCC
87,11,0,782676,0.0000000000,Rendah,#D9FFCC
88,11,1,689361,0.0000014506,Rendah,#D9FFCC
89,11,1,1182298,0.0000008458,Rendah,#D9FFCC
90,11,2,1650256,0.0000012119,Rendah,#D9FFCC
91,11,6,2321549,0.0000025845,Rendah,#D9FFCC
92,11,0,1136879,0.0000000000,Rendah,#D9FFCC
93,11,0,1274197,0.0000000000,Rendah,#D9FFCC
94,11,2,1060086,0.0000018866,Rendah,#D9FFCC
95,11,6,685490,0.0000087529,Rendah,#D9FFCC
96,11,2,636148,0.0000031439,Rendah,#D9FFCC
97,11,0,840327,0.0000000000,Rendah,#D9FFCC
98,11,4,1255119,0.0000031869,Rendah,#D9FFCC
99,11,7,1182070,0.0000059218,Rendah,#D9FFCC
100,11,0,1204437,0.0000000000,Rendah,#D9FFCC
101,11,2,1342628,0.0000014896,Rendah,#D9FFCC
102,11,0,1003188,0.0000000000,Rendah,#D9FFCC
103,11,0,1001140,0.0000000000,Rendah,#D9FFCC
104,11,1,898130,0.0000011134,Rendah,#D9FFCC
105,11,0,1096701,0.0000000000,Rendah,#D9FFCC
106,11,4,291256,0.0000137336,Rendah,#D9FFCC
107,11,7,143840,0.0000486652,Tinggi,#134D00
108,11,9,880169,0.0000102253,Rendah,#D9FFCC
109,11,3,241423,0.0000124263,Rendah,#D9FFCC
110,11,5,203244,0.0000246010,Sedang,#66FF33
111,11,1,131216,0.0000076210,Rendah,#D9FFCC
112,11,6,177972,0.0000337132,Tinggi,#134D00
113,11,136,2918543,0.0000465986,Tinggi,#134D00
114,11,1,211225,0.0000047343,Rendah,#D9FFCC
1,12,10,557164,0.0000179480,Sedang,#3973AC
2,12,4,877121,0.0000045604,Rendah,#B3CCE6
3,12,0,699526,0.0000000000,Rendah,#B3CCE6
4,12,1,1047645,0.0000009545,Rendah,#B3CCE6
5,12,0,1167796,0.0000000000,Rendah,#B3CCE6
6,12,0,1587132,0.0000000000,Rendah,#B3CCE6
7,12,0,2637160,0.0000000000,Rendah,#B3CCE6
8,12,1,1047482,0.0000009547,Rendah,#B3CCE6
9,12,0,2471542,0.0000000000,Rendah,#B3CCE6
10,12,0,1622536,0.0000000000,Rendah,#B3CCE6
11,12,0,782676,0.0000000000,Rendah,#B3CCE6
12,12,0,689361,0.0000000000,Rendah,#B3CCE6
13,12,1,1182298,0.0000008458,Rendah,#B3CCE6
14,12,2,1650256,0.0000012119,Rendah,#B3CCE6
15,12,0,2321549,0.0000000000,Rendah,#B3CCE6
16,12,0,1136879,0.0000000000,Rendah,#B3CCE6
17,12,3,1274197,0.0000023544,Rendah,#B3CCE6
18,12,0,1060086,0.0000000000,Rendah,#B3CCE6
19,12,11,685490,0.0000160469,Sedang,#3973AC
20,12,0,636148,0.0000000000,Rendah,#B3CCE6
21,12,40,840327,0.0000476005,Tinggi,#204060
22,12,0,1255119,0.0000000000,Rendah,#B3CCE6
23,12,3,1182070,0.0000025379,Rendah,#B3CCE6
24,12,2,1204437,0.0000016605,Rendah,#B3CCE6
25,12,0,1342628,0.0000000000,Rendah,#B3CCE6
26,12,2,1003188,0.0000019936,Rendah,#B3CCE6
27,12,0,1001140,0.0000000000,Rendah,#B3CCE6
28,12,0,898130,0.0000000000,Rendah,#B3CCE6
29,12,1,1096701,0.0000009118,Rendah,#B3CCE6
30,12,2,291256,0.0000068668,Rendah,#B3CCE6
31,12,0,143840,0.0000000000,Rendah,#B3CCE6
32,12,0,880169,0.0000000000,Rendah,#B3CCE6
33,12,6,241423,0.0000248526,Sedang,#3973AC
34,12,0,203244,0.0000000000,Rendah,#B3CCE6
35,12,0,131216,0.0000000000,Rendah,#B3CCE6
36,12,0,177972,0.0000000000,Rendah,#B3CCE6
37,12,67,2918543,0.0000229567,Sedang,#3973AC
38,12,0,211225,0.0000000000,Rendah,#B3CCE6
39,12,7,557164,0.0000125636,Rendah,#FFB3B3
40,12,20,877121,0.0000228019,Rendah,#FFB3B3
41,12,6,699526,0.0000085772,Rendah,#FFB3B3
42,12,19,1047645,0.0000181359,Rendah,#FFB3B3
43,12,11,1167796,0.0000094195,Rendah,#FFB3B3
44,12,25,1587132,0.0000157517,Rendah,#FFB3B3
45,12,61,2637160,0.0000231309,Rendah,#FFB3B3
46,12,10,1047482,0.0000095467,Rendah,#FFB3B3
47,12,36,2471542,0.0000145658,Rendah,#FFB3B3
48,12,18,1622536,0.0000110937,Rendah,#FFB3B3
49,12,11,782676,0.0000140543,Rendah,#FFB3B3
50,12,5,689361,0.0000072531,Rendah,#FFB3B3
51,12,5,1182298,0.0000042291,Rendah,#FFB3B3
52,12,16,1650256,0.0000096955,Rendah,#FFB3B3
53,12,59,2321549,0.0000254141,Rendah,#FFB3B3
54,12,19,1136879,0.0000167124,Rendah,#FFB3B3
55,12,30,1274197,0.0000235442,Rendah,#FFB3B3
56,12,6,1060086,0.0000056599,Rendah,#FFB3B3
57,12,16,685490,0.0000233410,Rendah,#FFB3B3
58,12,17,636148,0.0000267233,Rendah,#FFB3B3
59,12,8,840327,0.0000095201,Rendah,#FFB3B3
60,12,18,1255119,0.0000143413,Rendah,#FFB3B3
61,12,18,1182070,0.0000152275,Rendah,#FFB3B3
62,12,2,1204437,0.0000016605,Rendah,#FFB3B3
63,12,55,1342628,0.0000409644,Rendah,#FFB3B3
64,12,5,1003188,0.0000049841,Rendah,#FFB3B3
65,12,4,1001140,0.0000039954,Rendah,#FFB3B3
66,12,6,898130,0.0000066805,Rendah,#FFB3B3
67,12,7,1096701,0.0000063828,Rendah,#FFB3B3
68,12,5,291256,0.0000171670,Rendah,#FFB3B3
69,12,15,143840,0.0001042825,Sedang,#FF1A1A
70,12,86,880169,0.0000977085,Sedang,#FF1A1A
71,12,12,241423,0.0000497053,Rendah,#FFB3B3
72,12,4,203244,0.0000196808,Rendah,#FFB3B3
73,12,29,131216,0.0002210096,Tinggi,#660000
74,12,29,177972,0.0001629470,Tinggi,#660000
75,12,319,2918543,0.0001093011,Sedang,#FF1A1A
76,12,5,211225,0.0000236714,Rendah,#FFB3B3
77,12,4,557164,0.0000071792,Rendah,#D9FFCC
78,12,34,877121,0.0000387632,Tinggi,#134D00
79,12,0,699526,0.0000000000,Rendah,#D9FFCC
80,12,3,1047645,0.0000028636,Rendah,#D9FFCC
81,12,0,1167796,0.0000000000,Rendah,#D9FFCC
82,12,10,1587132,0.0000063007,Rendah,#D9FFCC
83,12,3,2637160,0.0000011376,Rendah,#D9FFCC
84,12,3,1047482,0.0000028640,Rendah,#D9FFCC
85,12,0,2471542,0.0000000000,Rendah,#D9FFCC
86,12,2,1622536,0.0000012326,Rendah,#D9FFCC
87,12,0,782676,0.0000000000,Rendah,#D9FFCC
88,12,0,689361,0.0000000000,Rendah,#D9FFCC
89,12,0,1182298,0.0000000000,Rendah,#D9FFCC
90,12,1,1650256,0.0000006060,Rendah,#D9FFCC
91,12,0,2321549,0.0000000000,Rendah,#D9FFCC
92,12,0,1136879,0.0000000000,Rendah,#D9FFCC
93,12,0,1274197,0.0000000000,Rendah,#D9FFCC
94,12,1,1060086,0.0000009433,Rendah,#D9FFCC
95,12,6,685490,0.0000087529,Rendah,#D9FFCC
96,12,8,636148,0.0000125757,Rendah,#D9FFCC
97,12,0,840327,0.0000000000,Rendah,#D9FFCC
98,12,1,1255119,0.0000007967,Rendah,#D9FFCC
99,12,2,1182070,0.0000016919,Rendah,#D9FFCC
100,12,0,1204437,0.0000000000,Rendah,#D9FFCC
101,12,0,1342628,0.0000000000,Rendah,#D9FFCC
102,12,0,1003188,0.0000000000,Rendah,#D9FFCC
103,12,1,1001140,0.0000009989,Rendah,#D9FFCC
104,12,0,898130,0.0000000000,Rendah,#D9FFCC
105,12,1,1096701,0.0000009118,Rendah,#D9FFCC
106,12,0,291256,0.0000000000,Rendah,#D9FFCC
107,12,5,143840,0.0000347608,Sedang,#66FF33
108,12,13,880169,0.0000147699,Rendah,#D9FFCC
109,12,0,241423,0.0000000000,Rendah,#D9FFCC
110,12,0,203244,0.0000000000,Rendah,#D9FFCC
111,12,4,131216,0.0000304841,Sedang,#66FF33
112,12,10,177972,0.0000561886,Tinggi,#134D00
113,12,69,2918543,0.0000236419,Sedang,#66FF33
114,12,0,211225,0.0000000000,Rendah,#D9FFCC
1,13,49,557164,0.0000879454,Sedang,#3973AC
2,13,52,877121,0.0000592849,Rendah,#B3CCE6
3,13,65,699526,0.0000929201,Sedang,#3973AC
4,13,47,1047645,0.0000448625,Rendah,#B3CCE6
5,13,61,1167796,0.0000522352,Rendah,#B3CCE6
6,13,60,1587132,0.0000378040,Rendah,#B3CCE6
7,13,51,2637160,0.0000193390,Rendah,#B3CCE6
8,13,37,1047482,0.0000353228,Rendah,#B3CCE6
9,13,17,2471542,0.0000068783,Rendah,#B3CCE6
10,13,46,1622536,0.0000283507,Rendah,#B3CCE6
11,13,25,782676,0.0000319417,Rendah,#B3CCE6
12,13,4,689361,0.0000058025,Rendah,#B3CCE6
13,13,14,1182298,0.0000118413,Rendah,#B3CCE6
14,13,32,1650256,0.0000193909,Rendah,#B3CCE6
15,13,38,2321549,0.0000163684,Rendah,#B3CCE6
16,13,22,1136879,0.0000193512,Rendah,#B3CCE6
17,13,33,1274197,0.0000258987,Rendah,#B3CCE6
18,13,39,1060086,0.0000367895,Rendah,#B3CCE6
19,13,25,685490,0.0000364703,Rendah,#B3CCE6
20,13,41,636148,0.0000644504,Sedang,#3973AC
21,13,33,840327,0.0000392704,Rendah,#B3CCE6
22,13,17,1255119,0.0000135445,Rendah,#B3CCE6
23,13,29,1182070,0.0000245332,Rendah,#B3CCE6
24,13,30,1204437,0.0000249079,Rendah,#B3CCE6
25,13,6,1342628,0.0000044688,Rendah,#B3CCE6
26,13,25,1003188,0.0000249206,Rendah,#B3CCE6
27,13,7,1001140,0.0000069920,Rendah,#B3CCE6
28,13,38,898130,0.0000423101,Rendah,#B3CCE6
29,13,40,1096701,0.0000364730,Rendah,#B3CCE6
30,13,0,291256,0.0000000000,Rendah,#B3CCE6
31,13,6,143840,0.0000417130,Rendah,#B3CCE6
32,13,55,880169,0.0000624880,Rendah,#B3CCE6
33,13,10,241423,0.0000414211,Rendah,#B3CCE6
34,13,5,203244,0.0000246010,Rendah,#B3CCE6
35,13,0,131216,0.0000000000,Rendah,#B3CCE6
36,13,34,177972,0.0001910413,Tinggi,#204060
37,13,85,2918543,0.0000291241,Rendah,#B3CCE6
38,13,14,211225,0.0000662800,Sedang,#3973AC
39,13,18,557164,0.0000323065,Rendah,#FFB3B3
40,13,59,877121,0.0000672655,Rendah,#FFB3B3
41,13,15,699526,0.0000214431,Rendah,#FFB3B3
42,13,101,1047645,0.0000964067,Rendah,#FFB3B3
43,13,45,1167796,0.0000385341,Rendah,#FFB3B3
44,13,73,1587132,0.0000459949,Rendah,#FFB3B3
45,13,140,2637160,0.0000530874,Rendah,#FFB3B3
46,13,58,1047482,0.0000553709,Rendah,#FFB3B3
47,13,111,2471542,0.0000449112,Rendah,#FFB3B3
48,13,60,1622536,0.0000369791,Rendah,#FFB3B3
49,13,20,782676,0.0000255534,Rendah,#FFB3B3
50,13,37,689361,0.0000536729,Rendah,#FFB3B3
51,13,22,1182298,0.0000186078,Rendah,#FFB3B3
52,13,64,1650256,0.0000387819,Rendah,#FFB3B3
53,13,120,2321549,0.0000516896,Rendah,#FFB3B3
54,13,67,1136879,0.0000589333,Rendah,#FFB3B3
55,13,60,1274197,0.0000470885,Rendah,#FFB3B3
56,13,40,1060086,0.0000377328,Rendah,#FFB3B3
57,13,30,685490,0.0000437643,Rendah,#FFB3B3
58,13,39,636148,0.0000613065,Rendah,#FFB3B3
59,13,36,840327,0.0000428405,Rendah,#FFB3B3
60,13,80,1255119,0.0000637390,Rendah,#FFB3B3
61,13,24,1182070,0.0000203034,Rendah,#FFB3B3
62,13,30,1204437,0.0000249079,Rendah,#FFB3B3
63,13,118,1342628,0.0000878873,Rendah,#FFB3B3
64,13,12,1003188,0.0000119619,Rendah,#FFB3B3
65,13,7,1001140,0.0000069920,Rendah,#FFB3B3
66,13,43,898130,0.0000478773,Rendah,#FFB3B3
67,13,15,1096701,0.0000136774,Rendah,#FFB3B3
68,13,49,291256,0.0001682369,Sedang,#FF1A1A
69,13,45,143840,0.0003128476,Tinggi,#660000
70,13,242,880169,0.0002749472,Tinggi,#660000
71,13,23,241423,0.0000952685,Rendah,#FFB3B3
72,13,38,203244,0.0001869674,Sedang,#FF1A1A
73,13,31,131216,0.0002362517,Tinggi,#660000
74,13,56,177972,0.0003146562,Tinggi,#660000
75,13,713,2918543,0.0002443000,Tinggi,#660000
76,13,45,211225,0.0002130430,Tinggi,#660000
77,13,2,557164,0.0000035896,Rendah,#D9FFCC
78,13,10,877121,0.0000114009,Rendah,#D9FFCC
79,13,9,699526,0.0000128659,Rendah,#D9FFCC
80,13,45,1047645,0.0000429535,Rendah,#D9FFCC
81,13,1,1167796,0.0000008563,Rendah,#D9FFCC
82,13,12,1587132,0.0000075608,Rendah,#D9FFCC
83,13,17,2637160,0.0000064463,Rendah,#D9FFCC
84,13,20,1047482,0.0000190934,Rendah,#D9FFCC
85,13,34,2471542,0.0000137566,Rendah,#D9FFCC
86,13,18,1622536,0.0000110937,Rendah,#D9FFCC
87,13,1,782676,0.0000012777,Rendah,#D9FFCC
88,13,0,689361,0.0000000000,Rendah,#D9FFCC
89,13,3,1182298,0.0000025374,Rendah,#D9FFCC
90,13,3,1650256,0.0000018179,Rendah,#D9FFCC
91,13,54,2321549,0.0000232603,Rendah,#D9FFCC
92,13,15,1136879,0.0000131940,Rendah,#D9FFCC
93,13,0,1274197,0.0000000000,Rendah,#D9FFCC
94,13,5,1060086,0.0000047166,Rendah,#D9FFCC
95,13,6,685490,0.0000087529,Rendah,#D9FFCC
96,13,20,636148,0.0000314392,Rendah,#D9FFCC
97,13,2,840327,0.0000023800,Rendah,#D9FFCC
98,13,16,1255119,0.0000127478,Rendah,#D9FFCC
99,13,5,1182070,0.0000042299,Rendah,#D9FFCC
100,13,6,1204437,0.0000049816,Rendah,#D9FFCC
101,13,5,1342628,0.0000037240,Rendah,#D9FFCC
102,13,5,1003188,0.0000049841,Rendah,#D9FFCC
103,13,1,1001140,0.0000009989,Rendah,#D9FFCC
104,13,11,898130,0.0000122477,Rendah,#D9FFCC
105,13,2,1096701,0.0000018237,Rendah,#D9FFCC
106,13,10,291256,0.0000343341,Rendah,#D9FFCC
107,13,12,143840,0.0000834260,Sedang,#66FF33
108,13,43,880169,0.0000488543,Rendah,#D9FFCC
109,13,2,241423,0.0000082842,Rendah,#D9FFCC
110,13,13,203244,0.0000639625,Rendah,#D9FFCC
111,13,13,131216,0.0000990733,Sedang,#66FF33
112,13,35,177972,0.0001966601,Tinggi,#134D00
113,13,114,2918543,0.0000390606,Rendah,#D9FFCC
114,13,2,211225,0.0000094686,Rendah,#D9FFCC
1,14,24,557164,0.0000430753,Rendah,#E0E0EB
2,14,32,877121,0.0000364830,Rendah,#E0E0EB
3,14,35,699526,0.0000500339,Rendah,#E0E0EB
4,14,32,1047645,0.0000305447,Rendah,#E0E0EB
5,14,23,1167796,0.0000196952,Rendah,#E0E0EB
6,14,42,1587132,0.0000264628,Rendah,#E0E0EB
7,14,42,2637160,0.0000159262,Rendah,#E0E0EB
8,14,29,1047482,0.0000276854,Rendah,#E0E0EB
9,14,39,2471542,0.0000157796,Rendah,#E0E0EB
10,14,46,1622536,0.0000283507,Rendah,#E0E0EB
11,14,23,782676,0.0000293864,Rendah,#E0E0EB
12,14,13,689361,0.0000188580,Rendah,#E0E0EB
13,14,22,1182298,0.0000186078,Rendah,#E0E0EB
14,14,32,1650256,0.0000193909,Rendah,#E0E0EB
15,14,59,2321549,0.0000254141,Rendah,#E0E0EB
16,14,29,1136879,0.0000255084,Rendah,#E0E0EB
17,14,30,1274197,0.0000235442,Rendah,#E0E0EB
18,14,23,1060086,0.0000216964,Rendah,#E0E0EB
19,14,29,685490,0.0000423055,Rendah,#E0E0EB
20,14,19,636148,0.0000298673,Rendah,#E0E0EB
21,14,47,840327,0.0000559306,Rendah,#E0E0EB
22,14,17,1255119,0.0000135445,Rendah,#E0E0EB
23,14,26,1182070,0.0000219953,Rendah,#E0E0EB
24,14,25,1204437,0.0000207566,Rendah,#E0E0EB
25,14,10,1342628,0.0000074481,Rendah,#E0E0EB
26,14,20,1003188,0.0000199364,Rendah,#E0E0EB
27,14,6,1001140,0.0000059932,Rendah,#E0E0EB
28,14,17,898130,0.0000189282,Rendah,#E0E0EB
29,14,16,1096701,0.0000145892,Rendah,#E0E0EB
30,14,15,291256,0.0000515011,Rendah,#E0E0EB
31,14,10,143840,0.0000695217,Sedang,#8585AD
32,14,27,880169,0.0000306759,Rendah,#E0E0EB
33,14,10,241423,0.0000414211,Rendah,#E0E0EB
34,14,8,203244,0.0000393616,Rendah,#E0E0EB
35,14,18,131216,0.0001371784,Tinggi,#29293D
36,14,32,177972,0.0001798036,Tinggi,#29293D
37,14,71,2918543,0.0000243272,Rendah,#E0E0EB
38,14,4,211225,0.0000189372,Rendah,#E0E0EB
39,14,35,557164,0.0000628181,Rendah,#F5CCFF
40,14,64,877121,0.0000729660,Rendah,#F5CCFF
41,14,22,699526,0.0000314499,Rendah,#F5CCFF
42,14,147,1047645,0.0001403147,Rendah,#F5CCFF
43,14,39,1167796,0.0000333962,Rendah,#F5CCFF
44,14,115,1587132,0.0000724577,Rendah,#F5CCFF
45,14,247,2637160,0.0000936614,Rendah,#F5CCFF
46,14,63,1047482,0.0000601442,Rendah,#F5CCFF
47,14,133,2471542,0.0000538126,Rendah,#F5CCFF
48,14,103,1622536,0.0000634809,Rendah,#F5CCFF
49,14,50,782676,0.0000638834,Rendah,#F5CCFF
50,14,25,689361,0.0000362655,Rendah,#F5CCFF
51,14,47,1182298,0.0000397531,Rendah,#F5CCFF
52,14,73,1650256,0.0000442356,Rendah,#F5CCFF
53,14,235,2321549,0.0001012255,Rendah,#F5CCFF
54,14,59,1136879,0.0000518965,Rendah,#F5CCFF
55,14,89,1274197,0.0000698479,Rendah,#F5CCFF
56,14,44,1060086,0.0000415061,Rendah,#F5CCFF
57,14,31,685490,0.0000452231,Rendah,#F5CCFF
58,14,39,636148,0.0000613065,Rendah,#F5CCFF
59,14,36,840327,0.0000428405,Rendah,#F5CCFF
60,14,75,1255119,0.0000597553,Rendah,#F5CCFF
61,14,45,1182070,0.0000380688,Rendah,#F5CCFF
62,14,86,1204437,0.0000714027,Rendah,#F5CCFF
63,14,92,1342628,0.0000685223,Rendah,#F5CCFF
64,14,36,1003188,0.0000358856,Rendah,#F5CCFF
65,14,12,1001140,0.0000119863,Rendah,#F5CCFF
66,14,31,898130,0.0000345162,Rendah,#F5CCFF
67,14,14,1096701,0.0000127656,Rendah,#F5CCFF
68,14,191,291256,0.0006557805,Tinggi,#660080
69,14,42,143840,0.0002919911,Sedang,#D11AFF
70,14,329,880169,0.0003737919,Sedang,#D11AFF
71,14,33,241423,0.0001366895,Rendah,#F5CCFF
72,14,15,203244,0.0000738029,Rendah,#F5CCFF
73,14,68,131216,0.0005182295,Tinggi,#660080
74,14,72,177972,0.0004045580,Sedang,#D11AFF
75,14,1356,2918543,0.0004646154,Tinggi,#660080
76,14,46,211225,0.0002177773,Rendah,#F5CCFF
77,14,22,557164,0.0000394857,Rendah,#CCFFFF
78,14,93,877121,0.0001060287,Rendah,#CCFFFF
79,14,33,699526,0.0000471748,Rendah,#CCFFFF
80,14,132,1047645,0.0001259969,Rendah,#CCFFFF
81,14,37,1167796,0.0000316836,Rendah,#CCFFFF
82,14,38,1587132,0.0000239426,Rendah,#CCFFFF
83,14,255,2637160,0.0000966949,Rendah,#CCFFFF
84,14,75,1047482,0.0000716003,Rendah,#CCFFFF
85,14,353,2471542,0.0001428258,Rendah,#CCFFFF
86,14,30,1622536,0.0000184896,Rendah,#CCFFFF
87,14,2,782676,0.0000025553,Rendah,#CCFFFF
88,14,12,689361,0.0000174074,Rendah,#CCFFFF
89,14,38,1182298,0.0000321408,Rendah,#CCFFFF
90,14,15,1650256,0.0000090895,Rendah,#CCFFFF
91,14,151,2321549,0.0000650428,Rendah,#CCFFFF
92,14,42,1136879,0.0000369432,Rendah,#CCFFFF
93,14,6,1274197,0.0000047088,Rendah,#CCFFFF
94,14,113,1060086,0.0001065951,Rendah,#CCFFFF
95,14,42,685490,0.0000612700,Rendah,#CCFFFF
96,14,35,636148,0.0000550186,Rendah,#CCFFFF
97,14,3,840327,0.0000035700,Rendah,#CCFFFF
98,14,18,1255119,0.0000143413,Rendah,#CCFFFF
99,14,52,1182070,0.0000439906,Rendah,#CCFFFF
100,14,5,1204437,0.0000041513,Rendah,#CCFFFF
101,14,74,1342628,0.0000551158,Rendah,#CCFFFF
102,14,12,1003188,0.0000119619,Rendah,#CCFFFF
103,14,6,1001140,0.0000059932,Rendah,#CCFFFF
104,14,48,898130,0.0000534444,Rendah,#CCFFFF
105,14,16,1096701,0.0000145892,Rendah,#CCFFFF
106,14,174,291256,0.0005974126,Tinggi,#009999
107,14,36,143840,0.0002502781,Sedang,#00FFFF
108,14,58,880169,0.0000658964,Rendah,#CCFFFF
109,14,84,241423,0.0003479370,Sedang,#00FFFF
110,14,39,203244,0.0001918876,Rendah,#CCFFFF
111,14,28,131216,0.0002133886,Sedang,#00FFFF
112,14,99,177972,0.0005562673,Tinggi,#009999
113,14,777,2918543,0.0002662287,Sedang,#00FFFF
114,14,38,211225,0.0001799029,Rendah,#CCFFFF
1,15,9,557164,0.0000161532,Sedang,#8585AD
2,15,3,877121,0.0000034203,Rendah,#E0E0EB
3,15,15,699526,0.0000214431,Sedang,#8585AD
4,15,6,1047645,0.0000057271,Rendah,#E0E0EB
5,15,24,1167796,0.0000205515,Sedang,#8585AD
6,15,28,1587132,0.0000176419,Sedang,#8585AD
7,15,40,2637160,0.0000151678,Sedang,#8585AD
8,15,28,1047482,0.0000267308,Tinggi,#29293D
9,15,1,2471542,0.0000004046,Rendah,#E0E0EB
10,15,9,1622536,0.0000055469,Rendah,#E0E0EB
11,15,5,782676,0.0000063883,Rendah,#E0E0EB
12,15,9,689361,0.0000130556,Rendah,#E0E0EB
13,15,13,1182298,0.0000109955,Rendah,#E0E0EB
14,15,21,1650256,0.0000127253,Rendah,#E0E0EB
15,15,13,2321549,0.0000055997,Rendah,#E0E0EB
16,15,2,1136879,0.0000017592,Rendah,#E0E0EB
17,15,20,1274197,0.0000156962,Sedang,#8585AD
18,15,4,1060086,0.0000037733,Rendah,#E0E0EB
19,15,23,685490,0.0000335526,Tinggi,#29293D
20,15,21,636148,0.0000330112,Tinggi,#29293D
21,15,27,840327,0.0000321303,Tinggi,#29293D
22,15,17,1255119,0.0000135445,Sedang,#8585AD
23,15,34,1182070,0.0000287631,Tinggi,#29293D
24,15,36,1204437,0.0000298895,Tinggi,#29293D
25,15,25,1342628,0.0000186202,Sedang,#8585AD
26,15,7,1003188,0.0000069778,Rendah,#E0E0EB
27,15,10,1001140,0.0000099886,Rendah,#E0E0EB
28,15,5,898130,0.0000055671,Rendah,#E0E0EB
29,15,19,1096701,0.0000173247,Sedang,#8585AD
30,15,8,291256,0.0000274672,Tinggi,#29293D
31,15,4,143840,0.0000278087,Tinggi,#29293D
32,15,17,880169,0.0000193145,Sedang,#8585AD
33,15,3,241423,0.0000124263,Rendah,#E0E0EB
34,15,8,203244,0.0000393616,Tinggi,#29293D
35,15,3,131216,0.0000228631,Sedang,#8585AD
36,15,7,177972,0.0000393320,Tinggi,#29293D
37,15,62,2918543,0.0000212435,Sedang,#8585AD
38,15,8,211225,0.0000378743,Tinggi,#29293D
39,15,13,557164,0.0000233324,Rendah,#F5CCFF
40,15,35,877121,0.0000399033,Rendah,#F5CCFF
41,15,13,699526,0.0000185840,Rendah,#F5CCFF
42,15,59,1047645,0.0000563168,Rendah,#F5CCFF
43,15,37,1167796,0.0000316836,Rendah,#F5CCFF
44,15,45,1587132,0.0000283530,Rendah,#F5CCFF
45,15,108,2637160,0.0000409531,Rendah,#F5CCFF
46,15,36,1047482,0.0000343681,Rendah,#F5CCFF
47,15,57,2471542,0.0000230625,Rendah,#F5CCFF
48,15,51,1622536,0.0000314323,Rendah,#F5CCFF
49,15,18,782676,0.0000229980,Rendah,#F5CCFF
50,15,24,689361,0.0000348149,Rendah,#F5CCFF
51,15,34,1182298,0.0000287576,Rendah,#F5CCFF
52,15,43,1650256,0.0000260566,Rendah,#F5CCFF
53,15,134,2321549,0.0000577201,Rendah,#F5CCFF
54,15,47,1136879,0.0000413413,Rendah,#F5CCFF
55,15,52,1274197,0.0000408100,Rendah,#F5CCFF
56,15,18,1060086,0.0000169798,Rendah,#F5CCFF
57,15,20,685490,0.0000291762,Rendah,#F5CCFF
58,15,16,636148,0.0000251514,Rendah,#F5CCFF
59,15,20,840327,0.0000238003,Rendah,#F5CCFF
60,15,40,1255119,0.0000318695,Rendah,#F5CCFF
61,15,31,1182070,0.0000262252,Rendah,#F5CCFF
62,15,55,1204437,0.0000456645,Rendah,#F5CCFF
63,15,74,1342628,0.0000551158,Rendah,#F5CCFF
64,15,25,1003188,0.0000249206,Rendah,#F5CCFF
65,15,9,1001140,0.0000089898,Rendah,#F5CCFF
66,15,27,898130,0.0000300625,Rendah,#F5CCFF
67,15,11,1096701,0.0000100301,Rendah,#F5CCFF
68,15,62,291256,0.0002128712,Tinggi,#660080
69,15,27,143840,0.0001877086,Tinggi,#660080
70,15,158,880169,0.0001795110,Tinggi,#660080
71,15,17,241423,0.0000704158,Rendah,#F5CCFF
72,15,12,203244,0.0000590423,Rendah,#F5CCFF
73,15,30,131216,0.0002286307,Tinggi,#660080
74,15,45,177972,0.0002528488,Tinggi,#660080
75,15,552,2918543,0.0001891355,Tinggi,#660080
76,15,22,211225,0.0001041543,Sedang,#D11AFF
77,15,42,557164,0.0000753818,Rendah,#CCFFFF
78,15,101,877121,0.0001151494,Rendah,#CCFFFF
79,15,57,699526,0.0000814837,Rendah,#CCFFFF
80,15,98,1047645,0.0000935431,Rendah,#CCFFFF
81,15,161,1167796,0.0001378665,Rendah,#CCFFFF
82,15,249,1587132,0.0001568868,Rendah,#CCFFFF
83,15,149,2637160,0.0000565002,Rendah,#CCFFFF
84,15,77,1047482,0.0000735096,Rendah,#CCFFFF
85,15,238,2471542,0.0000962962,Rendah,#CCFFFF
86,15,176,1622536,0.0001084722,Rendah,#CCFFFF
87,15,25,782676,0.0000319417,Rendah,#CCFFFF
88,15,12,689361,0.0000174074,Rendah,#CCFFFF
89,15,50,1182298,0.0000422905,Rendah,#CCFFFF
90,15,154,1650256,0.0000933189,Rendah,#CCFFFF
91,15,331,2321549,0.0001425772,Rendah,#CCFFFF
92,15,28,1136879,0.0000246288,Rendah,#CCFFFF
93,15,18,1274197,0.0000141265,Rendah,#CCFFFF
94,15,133,1060086,0.0001254615,Rendah,#CCFFFF
95,15,95,685490,0.0001385870,Rendah,#CCFFFF
96,15,47,636148,0.0000738822,Rendah,#CCFFFF
97,15,6,840327,0.0000071401,Rendah,#CCFFFF
98,15,113,1255119,0.0000900313,Rendah,#CCFFFF
99,15,71,1182070,0.0000600641,Rendah,#CCFFFF
100,15,12,1204437,0.0000099632,Rendah,#CCFFFF
101,15,152,1342628,0.0001132108,Rendah,#CCFFFF
102,15,4,1003188,0.0000039873,Rendah,#CCFFFF
103,15,9,1001140,0.0000089898,Rendah,#CCFFFF
104,15,65,898130,0.0000723726,Rendah,#CCFFFF
105,15,25,1096701,0.0000227956,Rendah,#CCFFFF
106,15,136,291256,0.0004669432,Tinggi,#009999
107,15,54,143840,0.0003754171,Sedang,#00FFFF
108,15,203,880169,0.0002306375,Sedang,#00FFFF
109,15,47,241423,0.0001946790,Sedang,#00FFFF
110,15,52,203244,0.0002558501,Sedang,#00FFFF
111,15,48,131216,0.0003658090,Sedang,#00FFFF
112,15,101,177972,0.0005675050,Tinggi,#009999
113,15,782,2918543,0.0002679419,Sedang,#00FFFF
114,15,32,211225,0.0001514972,Rendah,#CCFFFF
